cell_id,CD3D,CD3E,TRAC,IL7R,CCR7,GZMB,NKG7,PDCD1,LAG3,MS4A1,CD79A,CD79B,BANK1,MZB1,XBP1,JCHAIN,LYZ,LST1,S100A8,S100A9,FCN1,IL1B,TNF,MKI67,TOP2A,STMN1,ACTB,GAPDH,RPLP0,B2M,MALAT1
Cell_0000,6,4,6,4,8,0,0,2,0,0,0,1,0,1,0,0,0,0,0,0,0,0,1,0,0,1,0,0,0,1,1
Cell_0001,3,9,5,3,4,2,0,2,0,0,0,0,1,0,1,0,0,0,0,1,2,0,2,0,0,0,0,2,3,2,0
Cell_0002,10,13,6,10,7,0,0,1,0,1,0,0,2,1,3,0,0,0,0,0,1,0,0,1,0,0,2,1,3,3,2
Cell_0003,9,8,6,12,8,1,0,1,0,1,0,1,0,0,0,0,2,0,1,0,1,0,1,0,2,2,2,3,2,1,3
Cell_0004,5,6,7,4,1,1,0,1,0,0,0,1,0,0,1,1,0,0,0,0,0,0,2,1,0,0,0,3,2,0,4
Cell_0005,1,6,3,2,5,1,0,0,0,1,0,0,1,1,0,0,0,1,0,0,1,0,0,0,0,0,1,0,2,1,1
Cell_0006,6,3,10,4,1,1,0,0,0,0,0,0,0,0,0,0,0,0,0,0,0,0,0,1,0,0,1,2,0,0,1
Cell_0007,6,4,6,12,6,0,0,1,0,1,0,1,0,0,0,0,1,0,1,0,2,0,0,0,0,0,2,3,3,5,0
Cell_0008,5,3,9,6,2,1,2,0,0,0,0,0,1,0,0,0,0,0,0,0,1,0,2,0,0,0,1,0,3,0,1
Cell_0009,7,5,6,5,4,0,0,0,0,2,0,0,0,0,3,0,0,0,0,0,0,1,1,0,0,0,0,0,2,2,0
Cell_0010,3,2,5,3,2,0,0,0,0,0,0,0,1,0,0,0,0,0,0,0,1,0,1,1,0,0,1,1,1,2,1
Cell_0011,3,3,5,3,6,1,1,1,0,1,0,2,1,0,0,0,0,1,2,0,0,0,0,1,0,0,1,2,0,3,1
Cell_0012,7,5,10,5,9,1,1,0,0,0,0,0,0,0,0,0,0,0,0,1,0,0,0,0,0,0,3,1,0,1,0
Cell_0013,6,7,5,3,6,0,0,1,0,0,0,0,0,1,0,0,0,0,0,0,1,0,0,0,0,0,2,0,1,1,2
Cell_0014,2,5,5,6,2,0,1,0,0,0,0,2,0,0,0,0,0,0,0,0,0,0,0,1,0,0,1,3,0,3,0
Cell_0015,5,1,6,9,6,0,0,0,0,1,0,1,0,0,1,0,0,0,0,0,0,0,0,0,0,0,4,3,1,3,1
Cell_0016,4,7,5,13,4,0,1,2,0,0,1,0,2,0,0,0,0,0,1,0,0,0,3,0,0,0,3,0,1,2,1
Cell_0017,4,5,5,6,8,1,1,0,0,0,0,0,2,0,1,0,0,0,1,0,0,0,0,0,0,0,0,2,3,2,1
Cell_0018,5,7,8,6,8,1,0,1,0,0,0,1,2,0,1,0,0,0,1,0,1,0,0,0,0,0,2,0,2,1,1
Cell_0019,5,10,4,6,5,0,1,0,0,2,0,1,1,0,2,0,0,0,1,0,0,0,0,0,0,0,3,3,5,3,2
Cell_0020,9,4,3,3,6,0,0,3,0,0,0,0,0,1,0,0,0,1,1,0,0,0,0,0,1,0,3,3,1,1,1
Cell_0021,5,7,8,3,7,1,0,1,0,0,0,0,1,0,1,0,0,0,0,0,1,0,1,1,0,0,2,0,5,1,1
Cell_0022,14,9,6,4,2,1,1,1,0,1,0,1,0,0,1,0,0,0,0,0,0,0,0,0,0,0,3,2,2,0,1
Cell_0023,5,8,7,8,8,2,2,0,0,0,0,0,1,0,1,0,0,1,0,1,0,0,1,0,0,0,2,0,2,0,0
Cell_0024,8,7,10,7,8,2,0,4,0,0,0,0,1,0,0,0,0,0,0,0,2,1,0,1,0,0,3,4,2,1,2
Cell_0025,2,3,2,0,6,1,2,2,0,0,1,0,1,0,1,0,0,0,0,0,0,0,0,0,1,1,1,1,1,1,2
Cell_0026,14,11,14,8,10,0,0,5,0,2,0,0,1,1,1,0,0,0,1,1,1,0,1,0,0,0,2,2,3,5,4
Cell_0027,8,3,6,3,5,0,1,0,0,2,0,0,0,0,0,0,0,1,0,0,0,0,0,1,1,0,1,0,1,0,2
Cell_0028,7,3,5,4,6,0,2,0,0,0,0,0,0,0,0,0,0,0,0,0,1,0,0,0,0,0,1,1,2,0,2
Cell_0029,7,8,3,4,6,1,0,3,0,2,0,0,0,0,0,0,0,0,0,0,0,0,1,0,0,0,3,1,3,1,3
Cell_0030,5,6,7,3,4,2,1,1,0,0,0,0,0,0,0,0,0,0,0,1,3,0,1,0,1,0,1,2,1,1,1
Cell_0031,7,6,4,6,4,1,0,0,0,0,0,0,0,0,2,0,0,0,0,2,1,0,0,0,0,0,4,2,2,5,2
Cell_0032,7,11,10,7,8,2,2,1,0,0,0,0,2,2,0,0,0,0,1,0,0,0,1,1,0,0,2,0,2,1,3
Cell_0033,4,1,5,5,4,0,0,0,0,1,0,1,1,0,0,0,0,0,0,1,1,1,2,1,0,0,1,0,0,1,0
Cell_0034,10,7,4,3,2,1,1,1,0,2,0,1,0,0,0,0,0,0,0,0,0,0,1,0,0,0,1,0,2,2,4
Cell_0035,4,4,3,2,2,0,0,1,0,0,0,1,0,0,1,0,1,1,0,0,0,1,1,0,1,1,1,2,0,1,0
Cell_0036,1,2,6,5,1,1,1,0,0,0,0,2,1,1,0,0,0,0,1,1,0,0,0,0,0,0,0,2,3,4,0
Cell_0037,4,12,6,10,8,0,1,1,1,1,0,1,2,0,1,0,0,0,1,0,2,0,0,0,0,0,3,2,2,7,1
Cell_0038,12,13,7,10,11,0,2,1,0,0,0,0,1,0,0,0,0,0,2,1,0,0,2,1,0,0,3,4,2,2,2
Cell_0039,5,2,6,1,4,0,0,2,0,0,0,0,1,0,0,0,0,1,2,1,0,0,0,0,0,0,2,1,0,1,0
Cell_0040,9,5,8,7,4,0,1,1,0,0,0,1,2,0,2,0,0,0,1,0,0,0,1,0,0,0,3,4,0,2,2
Cell_0041,1,5,2,1,0,0,1,2,0,0,0,1,0,0,0,0,0,0,0,0,0,0,0,0,0,0,3,0,0,0,1
Cell_0042,7,4,4,2,7,1,1,0,0,0,0,0,2,0,1,0,0,0,2,0,0,0,0,0,0,0,0,1,2,3,1
Cell_0043,8,3,4,8,5,1,1,1,0,1,0,1,0,0,0,0,0,0,2,0,2,0,2,0,0,0,0,2,4,2,3
Cell_0044,14,4,3,6,7,1,2,1,0,1,0,1,1,1,3,0,0,0,0,0,0,0,0,1,0,0,5,2,2,1,0
Cell_0045,9,5,10,10,6,0,1,0,0,0,0,0,1,0,0,0,0,0,0,0,1,0,3,0,0,0,2,2,3,1,2
Cell_0046,1,4,4,1,0,0,1,1,0,0,0,0,0,0,1,1,0,0,0,0,1,0,0,1,0,0,1,4,1,1,2
Cell_0047,7,6,6,4,12,2,1,1,0,1,0,0,0,0,1,0,0,0,0,0,0,0,0,0,0,0,3,1,2,4,1
Cell_0048,11,11,10,6,6,1,0,1,0,2,0,1,3,0,1,0,0,0,0,0,0,0,0,2,0,0,5,3,3,2,3
Cell_0049,5,6,5,7,6,1,0,0,0,0,0,0,1,0,0,0,0,0,0,0,1,0,1,0,0,0,5,1,0,0,2
Cell_0050,4,3,3,4,3,3,1,2,0,0,0,0,0,0,0,0,0,0,0,1,0,0,0,0,0,1,1,2,3,1,1
Cell_0051,7,4,8,2,6,2,1,2,0,2,0,2,1,0,1,0,0,0,1,1,0,0,3,0,0,0,0,4,1,2,0
Cell_0052,5,1,4,5,8,2,2,2,0,0,0,0,0,0,1,0,0,0,0,1,0,0,1,0,0,0,0,0,1,2,0
Cell_0053,4,1,4,4,3,0,1,3,0,1,0,0,0,0,0,0,0,0,1,0,0,1,2,1,0,0,4,2,0,2,1
Cell_0054,3,4,1,5,5,0,0,0,0,0,0,1,1,0,2,0,0,0,0,0,0,0,0,1,1,1,2,0,0,2,0
Cell_0055,7,2,7,5,2,0,0,0,0,0,0,0,1,0,0,0,0,0,1,0,1,0,1,0,0,0,0,1,3,1,2
Cell_0056,3,4,0,4,3,0,0,1,0,0,0,0,1,0,0,0,0,0,1,0,0,0,1,2,0,0,1,1,2,2,0
Cell_0057,6,9,5,5,4,0,1,0,0,0,0,1,1,1,0,0,0,0,1,0,0,0,2,1,0,0,2,1,0,2,1
Cell_0058,7,2,5,5,3,0,0,1,0,1,0,0,0,0,1,0,1,0,0,1,1,0,1,0,1,0,1,5,1,0,3
Cell_0059,3,6,5,4,3,0,0,1,0,2,0,0,2,0,0,0,0,0,0,0,1,0,0,0,0,0,2,0,1,1,0
Cell_0060,1,2,4,4,4,0,0,2,0,0,0,0,0,0,0,0,0,0,0,0,0,0,0,0,0,0,0,1,1,0,1
Cell_0061,9,6,12,12,2,0,1,2,1,2,0,1,2,0,1,0,0,0,2,0,0,0,2,1,0,0,4,2,3,3,4
Cell_0062,4,4,4,5,4,0,0,1,0,0,0,0,0,0,0,0,0,0,0,0,0,0,1,0,0,0,1,2,3,1,1
Cell_0063,6,6,4,6,4,0,1,3,0,0,0,1,0,0,0,0,1,0,0,0,0,0,0,1,1,0,1,1,0,0,1
Cell_0064,0,2,3,4,5,0,0,1,0,0,0,1,0,0,0,0,0,0,0,0,0,0,0,0,0,0,2,0,1,1,1
Cell_0065,11,2,8,6,6,1,1,0,0,0,0,1,1,0,0,0,0,0,0,1,0,0,0,1,0,0,0,3,2,2,6
Cell_0066,4,8,7,3,7,0,0,0,0,1,0,1,2,1,1,0,0,0,0,0,1,0,2,0,0,0,2,2,1,1,1
Cell_0067,3,3,10,4,2,0,1,0,0,0,0,1,0,0,0,0,0,0,0,0,0,0,0,0,0,0,2,1,2,0,2
Cell_0068,5,3,7,5,10,1,2,2,0,1,0,0,0,0,1,0,0,1,0,0,0,0,1,0,0,1,0,1,0,1,1
Cell_0069,6,7,8,4,12,2,0,5,0,0,1,0,1,0,1,0,0,0,1,0,1,0,1,0,0,1,2,2,1,1,2
Cell_0070,7,4,4,9,4,2,1,2,0,0,0,1,2,0,0,0,0,0,0,0,0,0,1,0,0,0,0,2,0,1,2
Cell_0071,8,7,3,7,5,0,0,1,0,0,0,0,1,0,2,0,0,0,1,0,0,0,0,1,0,0,1,3,1,1,2
Cell_0072,4,4,3,5,9,0,0,1,0,0,0,0,1,0,0,0,0,0,1,0,0,0,0,1,0,0,2,2,0,1,2
Cell_0073,4,2,4,6,3,1,0,1,0,2,0,0,0,0,0,0,0,0,1,0,0,0,0,0,0,1,2,2,1,0,0
Cell_0074,7,3,2,5,6,2,0,1,0,2,0,0,1,0,1,0,0,1,0,1,1,0,2,0,3,0,2,1,1,0,0
Cell_0075,10,5,12,5,10,1,0,3,0,0,0,0,2,0,0,0,0,0,0,0,1,0,1,0,1,0,1,1,4,0,3
Cell_0076,5,5,6,4,6,0,0,0,0,0,0,0,1,0,1,0,0,0,1,0,1,0,1,0,0,1,1,1,3,1,2
Cell_0077,5,4,7,2,5,0,1,0,0,0,0,0,0,0,1,0,0,0,1,0,0,2,1,0,0,0,2,1,0,2,0
Cell_0078,9,2,7,2,6,2,0,0,0,0,0,0,0,0,3,0,0,0,0,0,1,0,0,0,0,0,1,1,0,0,0
Cell_0079,9,4,6,3,4,1,0,3,0,0,0,0,1,1,0,2,0,0,0,0,0,1,1,0,1,0,2,0,1,0,1
Cell_0080,7,4,11,2,10,1,0,1,1,0,0,0,0,0,1,0,0,0,0,0,1,0,0,0,0,0,1,3,1,1,1
Cell_0081,4,4,4,3,6,0,0,2,0,0,0,1,0,2,0,0,0,0,0,1,1,0,0,1,0,0,2,1,0,1,1
Cell_0082,5,5,11,4,6,2,1,2,0,0,0,1,1,0,0,0,0,0,1,0,1,0,0,0,0,1,2,3,4,1,2
Cell_0083,9,8,10,7,4,1,2,1,0,1,0,1,1,1,0,0,0,0,0,0,0,0,1,0,0,0,4,6,2,3,2
Cell_0084,7,9,1,5,6,1,1,0,0,0,0,0,0,0,1,0,0,0,0,1,0,0,1,0,0,0,2,0,0,2,0
Cell_0085,4,6,9,7,7,1,1,3,0,1,0,1,4,0,0,0,0,0,2,0,1,0,1,0,0,0,1,0,1,1,2
Cell_0086,5,6,4,5,6,1,0,1,0,0,0,0,2,0,0,0,0,1,0,0,1,0,0,1,0,0,2,2,0,2,3
Cell_0087,6,4,4,4,3,0,1,1,0,0,0,0,0,0,0,0,0,0,0,0,0,0,0,1,1,0,1,2,1,0,0
Cell_0088,5,8,9,8,5,0,0,3,0,1,0,0,1,0,0,0,0,0,0,1,0,1,1,0,0,0,1,1,0,4,2
Cell_0089,8,10,8,5,4,1,1,1,0,0,0,0,1,0,1,0,0,1,0,0,1,0,0,0,0,0,1,3,2,6,4
Cell_0090,7,11,6,10,5,1,0,2,0,0,0,0,0,1,0,0,0,0,2,0,1,0,1,0,0,0,2,4,4,3,0
Cell_0091,2,5,8,2,3,1,3,0,0,0,0,1,0,0,0,1,0,0,0,0,1,0,0,0,0,0,0,4,2,2,1
Cell_0092,6,4,7,1,3,0,0,1,0,0,0,0,1,0,1,0,0,0,0,0,2,1,0,1,0,0,0,1,1,0,1
Cell_0093,12,11,4,4,6,0,0,1,0,0,0,0,0,0,0,0,0,0,1,0,0,0,0,2,0,0,1,3,1,2,1
Cell_0094,5,10,16,7,8,0,2,4,0,0,0,2,1,0,0,0,0,0,2,1,1,1,1,0,1,0,2,2,4,0,5
Cell_0095,7,6,5,1,5,0,1,3,0,0,0,2,1,0,0,0,0,1,0,0,0,1,0,1,0,0,1,0,0,4,3
Cell_0096,6,9,5,8,4,3,0,2,0,0,0,0,0,0,1,0,0,0,0,0,1,1,0,0,0,0,1,2,2,1,5
Cell_0097,1,1,9,6,5,1,0,2,0,0,0,0,0,0,0,0,0,0,0,0,0,0,0,0,1,0,0,1,1,2,1
Cell_0098,4,10,9,3,7,2,0,5,0,0,0,2,4,0,3,0,0,0,0,0,2,0,0,0,0,0,2,5,0,4,4
Cell_0099,6,10,9,9,5,0,0,0,0,0,0,1,1,0,0,0,0,0,0,0,0,0,0,1,0,0,0,3,1,0,2
Cell_0100,4,5,3,8,5,0,0,1,0,0,0,0,0,0,0,1,0,0,0,1,0,0,1,1,0,0,0,2,2,2,1
Cell_0101,4,6,2,4,6,0,1,1,0,0,0,0,0,0,0,0,0,0,0,0,1,0,1,0,0,0,0,3,1,1,0
Cell_0102,4,3,3,3,5,0,1,1,0,1,0,1,0,0,1,0,0,0,0,0,3,0,1,0,1,0,4,3,3,1,0
Cell_0103,5,5,11,6,7,0,1,1,0,4,0,4,4,1,1,0,0,0,0,1,1,0,2,2,1,0,1,2,2,2,1
Cell_0104,7,6,14,8,4,0,0,2,0,0,1,0,1,0,0,0,0,0,0,0,0,0,0,1,1,0,2,0,3,2,2
Cell_0105,9,11,5,5,5,3,0,1,0,0,0,0,0,0,2,0,1,0,0,0,1,0,1,0,1,0,2,3,1,4,1
Cell_0106,7,8,7,5,8,2,1,0,0,0,0,0,0,0,1,0,0,0,1,0,0,0,4,1,0,0,3,3,2,1,0
Cell_0107,6,4,6,6,7,1,2,3,0,1,0,0,2,0,1,0,0,0,1,0,0,0,0,3,0,0,1,1,1,2,1
Cell_0108,4,9,7,4,10,2,1,1,0,3,0,0,3,0,1,1,0,0,1,0,1,0,1,1,0,0,1,2,2,0,1
Cell_0109,12,4,5,1,7,0,1,2,0,1,0,0,1,0,1,0,0,1,0,0,0,1,1,0,0,0,1,2,4,1,0
Cell_0110,5,2,13,7,11,0,1,1,0,0,0,0,0,0,0,0,0,0,1,0,1,0,1,0,0,0,3,2,1,1,0
Cell_0111,8,5,1,4,2,1,0,1,0,0,0,0,0,2,0,0,0,0,0,0,0,0,2,1,0,0,1,2,0,5,3
Cell_0112,5,1,5,4,2,0,0,1,0,1,0,0,0,0,0,0,0,0,1,2,0,0,0,0,0,0,2,2,0,1,2
Cell_0113,10,6,9,6,10,1,1,1,0,0,0,0,0,0,1,0,0,1,1,2,2,1,0,1,2,1,1,1,2,2,1
Cell_0114,9,6,5,5,3,0,2,3,0,0,0,0,1,0,1,0,0,0,0,0,0,0,0,0,1,0,2,2,1,2,1
Cell_0115,4,7,6,3,4,1,0,0,0,0,0,0,0,0,1,0,0,0,0,0,0,0,0,0,1,1,1,1,0,4,4
Cell_0116,2,2,8,1,4,0,1,0,0,1,0,0,1,2,1,0,0,0,0,0,1,0,0,0,1,0,0,0,0,1,1
Cell_0117,11,10,7,2,3,0,0,2,0,0,0,0,0,0,0,0,0,1,0,0,1,0,0,0,1,1,2,1,3,5,1
Cell_0118,4,7,4,3,6,0,0,3,0,0,0,0,0,0,1,0,0,1,0,0,0,0,0,0,1,1,3,1,1,0,1
Cell_0119,5,7,1,7,6,0,1,1,0,0,0,2,0,0,0,0,0,0,0,0,1,0,2,0,0,1,2,2,3,1,4
Cell_0120,8,7,5,4,9,2,1,2,0,0,0,0,0,0,1,0,0,0,1,0,1,0,0,0,1,0,4,3,4,0,2
Cell_0121,11,6,6,11,6,1,0,0,0,1,0,1,1,0,0,0,0,0,0,0,1,0,0,0,0,0,1,2,3,2,1
Cell_0122,5,2,2,1,2,0,0,0,0,0,0,0,0,1,1,0,0,0,1,0,0,0,0,2,1,0,0,0,0,0,1
Cell_0123,8,9,7,11,11,1,0,0,0,1,0,1,0,0,1,0,0,0,1,0,0,0,0,1,0,0,0,1,4,2,1
Cell_0124,6,4,9,1,3,2,1,0,0,1,0,1,0,0,0,0,0,0,0,0,0,0,0,1,0,0,0,3,3,0,2
Cell_0125,11,6,3,2,3,1,0,1,0,0,0,0,0,1,0,0,0,1,0,0,0,0,1,0,0,0,1,3,2,1,2
Cell_0126,3,12,8,5,7,1,0,0,0,1,0,0,1,0,1,0,0,1,0,0,0,0,1,0,0,0,0,3,2,3,1
Cell_0127,1,0,7,7,1,0,0,3,0,0,0,0,1,0,0,0,0,0,0,0,0,0,1,0,0,0,0,1,1,1,1
Cell_0128,7,6,5,10,8,0,0,1,0,0,0,0,1,0,0,1,0,0,0,0,1,0,1,0,0,0,2,2,0,2,1
Cell_0129,10,2,9,5,11,0,0,1,0,0,0,1,0,0,0,0,1,0,1,0,0,1,2,1,0,0,2,3,3,6,3
Cell_0130,4,1,3,6,5,0,1,1,0,0,0,0,1,0,0,0,0,0,0,0,0,0,1,0,0,0,1,1,0,5,0
Cell_0131,6,6,3,2,6,2,0,0,0,0,0,0,1,0,0,0,0,1,0,0,0,0,1,1,0,0,1,4,2,1,1
Cell_0132,5,1,5,2,6,0,0,2,0,0,0,0,0,0,0,0,0,0,0,0,1,0,1,1,0,0,0,1,1,1,0
Cell_0133,3,0,4,1,8,0,3,0,0,0,0,0,1,0,1,0,0,0,0,0,0,1,1,1,0,1,1,1,1,0,2
Cell_0134,8,2,10,3,3,0,1,0,0,1,0,0,1,1,1,0,0,0,0,0,0,0,1,0,0,0,4,0,1,0,2
Cell_0135,3,8,12,7,7,0,1,2,0,1,0,0,0,0,0,0,0,0,1,0,0,0,0,1,2,0,4,1,0,4,3
Cell_0136,4,5,5,5,4,0,2,2,0,1,0,0,1,0,0,0,0,0,0,0,0,0,1,0,0,1,0,4,0,2,2
Cell_0137,4,9,8,6,5,1,1,1,0,1,0,0,0,0,1,0,0,0,0,0,1,0,0,1,0,0,1,1,5,0,4
Cell_0138,14,8,15,8,7,0,0,4,0,1,0,0,4,1,2,0,0,0,1,0,2,0,1,1,0,1,5,2,1,2,0
Cell_0139,8,8,5,3,8,1,1,0,0,0,0,1,0,0,0,0,0,0,0,0,0,0,1,0,2,0,0,0,4,1,3
Cell_0140,8,5,5,6,4,1,2,1,0,2,0,0,1,0,2,0,0,0,0,0,1,0,1,0,0,0,2,3,1,2,4
Cell_0141,4,6,3,2,4,1,2,1,0,0,0,0,1,0,0,0,0,1,0,0,1,0,0,1,0,1,2,5,2,5,2
Cell_0142,3,7,2,3,1,1,0,1,0,0,0,0,0,0,1,0,0,0,0,0,2,0,1,0,1,0,1,2,1,1,3
Cell_0143,5,15,6,5,5,0,0,2,0,0,0,0,0,0,0,0,0,0,0,0,0,1,2,0,0,0,1,1,1,2,3
Cell_0144,5,8,5,3,8,0,1,0,0,0,0,0,1,0,0,0,0,0,2,0,0,0,0,2,0,1,1,4,3,1,2
Cell_0145,6,4,3,3,7,0,0,2,0,0,0,0,1,0,0,0,0,0,0,1,2,0,2,1,0,0,2,1,3,1,0
Cell_0146,7,4,5,3,3,1,2,0,0,0,0,0,1,0,2,0,1,0,1,0,1,0,0,1,0,0,1,0,2,3,2
Cell_0147,6,4,3,3,3,0,0,0,0,1,0,1,1,0,1,0,0,0,0,0,0,1,0,1,0,0,1,1,1,0,1
Cell_0148,11,6,4,9,4,1,0,3,0,0,0,1,0,0,0,0,0,0,0,0,0,0,1,0,1,0,0,1,2,3,3
Cell_0149,1,1,6,5,2,0,0,1,0,1,0,0,0,0,0,0,0,0,0,0,0,0,1,0,0,0,2,1,0,1,2
Cell_0150,4,4,8,5,6,1,0,0,0,0,0,1,3,1,0,0,0,0,0,0,1,0,3,0,0,0,2,1,1,1,1
Cell_0151,5,1,6,5,6,0,0,0,0,0,0,1,2,0,0,0,0,0,0,0,1,0,1,0,0,0,1,3,2,4,3
Cell_0152,5,6,4,6,3,0,0,0,0,0,0,0,0,0,2,0,0,1,0,0,0,0,0,0,0,0,0,1,1,4,2
Cell_0153,8,11,5,5,2,1,1,2,0,0,0,0,2,0,2,0,0,0,1,0,2,0,1,2,2,0,2,3,3,1,1
Cell_0154,7,8,2,4,9,1,0,0,0,0,0,0,0,0,0,0,0,0,1,1,0,1,1,0,0,0,1,0,1,2,1
Cell_0155,11,10,11,5,4,1,0,4,0,0,0,0,1,0,0,0,0,0,0,0,0,1,0,0,0,0,2,0,1,0,1
Cell_0156,6,5,3,6,3,2,0,0,0,0,0,0,1,0,0,0,0,0,1,0,1,0,1,0,0,1,0,2,2,0,0
Cell_0157,6,7,4,5,7,0,0,1,0,0,0,0,0,0,1,0,0,0,0,0,0,0,0,0,0,0,2,1,2,1,1
Cell_0158,8,12,8,5,4,0,1,3,0,1,0,1,0,0,2,0,0,0,0,0,0,0,0,0,0,0,1,2,5,2,2
Cell_0159,4,6,1,6,7,0,2,1,0,0,0,0,1,0,1,0,0,0,0,0,0,0,1,0,0,0,0,1,0,0,3
Cell_0160,6,11,2,0,1,8,8,0,0,0,0,0,0,0,1,1,0,0,0,0,0,0,1,5,3,3,2,2,1,4,3
Cell_0161,1,3,5,0,0,6,2,0,0,0,1,0,0,2,0,0,0,0,0,1,0,1,0,3,1,1,4,1,3,0,3
Cell_0162,4,8,4,0,0,4,3,0,0,1,0,1,0,0,0,1,0,0,0,0,0,0,0,6,2,3,3,0,0,2,2
Cell_0163,4,3,2,0,0,5,3,0,0,1,0,0,0,0,0,0,0,1,0,0,0,0,0,4,3,4,1,2,0,0,3
Cell_0164,10,6,6,0,0,4,9,0,0,2,0,0,0,1,0,0,0,0,0,0,0,0,0,2,2,2,2,2,1,1,3
Cell_0165,3,3,2,0,0,3,6,0,0,1,0,1,0,0,1,0,0,0,0,0,0,0,0,4,1,0,1,0,2,2,2
Cell_0166,9,8,10,0,0,5,3,0,0,0,2,1,0,2,1,0,0,0,0,1,0,0,2,9,5,3,4,2,1,1,2
Cell_0167,6,4,5,0,1,6,4,0,0,0,0,1,0,0,0,1,0,1,0,0,0,0,1,4,3,6,1,1,2,3,3
Cell_0168,5,11,9,0,0,12,3,0,1,0,0,1,0,1,0,1,0,0,1,0,0,0,0,11,7,5,3,1,1,2,1
Cell_0169,2,14,6,0,0,6,7,0,1,3,1,1,0,0,0,2,0,0,0,0,0,0,0,5,6,1,0,2,3,4,3
Cell_0170,5,4,3,1,0,8,2,0,0,0,0,1,0,0,0,1,0,0,0,0,0,0,0,6,1,2,2,2,1,2,2
Cell_0171,8,7,5,0,0,5,3,0,1,0,2,1,0,0,0,0,0,0,0,0,0,0,0,2,3,4,0,4,1,0,3
Cell_0172,7,4,7,0,0,2,4,1,0,0,2,0,0,0,0,0,0,0,0,0,0,0,0,3,1,1,5,4,0,0,1
Cell_0173,3,5,5,0,1,3,9,0,1,0,1,0,0,0,1,0,0,0,0,0,0,0,1,4,5,3,3,3,1,0,1
Cell_0174,6,6,4,0,0,4,3,0,0,1,1,1,0,0,0,0,0,0,0,0,1,0,1,4,4,2,2,1,2,2,4
Cell_0175,3,4,7,1,0,4,3,2,0,2,0,0,0,0,1,0,0,0,0,0,0,1,0,6,6,1,2,2,2,1,1
Cell_0176,1,6,2,1,0,4,5,2,0,0,0,0,0,0,0,1,0,0,0,0,0,0,0,3,1,3,3,1,3,2,0
Cell_0177,4,2,4,0,0,0,3,0,0,0,0,0,0,0,0,0,0,0,0,0,0,0,0,5,2,3,4,2,2,2,4
Cell_0178,13,10,14,1,0,9,8,0,0,2,2,2,0,0,3,1,0,0,0,0,0,0,0,13,6,7,3,3,6,3,3
Cell_0179,9,6,4,0,0,2,4,0,0,2,0,2,0,0,1,1,0,0,0,0,0,0,2,3,2,8,2,2,3,2,2
Cell_0180,7,6,2,0,0,3,5,0,0,3,1,2,0,0,0,0,0,0,0,0,0,0,0,6,4,6,3,0,2,2,2
Cell_0181,12,8,4,0,0,7,10,0,0,1,1,0,0,1,1,0,0,0,0,0,0,0,2,14,8,10,4,4,4,5,4
Cell_0182,13,5,3,1,0,2,5,1,1,1,0,0,0,0,1,0,0,0,0,0,0,0,0,0,4,2,3,1,0,5,7
Cell_0183,6,3,7,0,0,8,2,1,1,1,1,0,0,1,0,0,0,0,1,0,0,0,0,1,4,3,1,3,2,2,1
Cell_0184,3,9,2,0,1,3,2,0,0,0,1,0,0,1,1,0,0,0,0,1,0,0,0,4,1,0,3,0,2,1,1
Cell_0185,6,6,9,0,0,7,6,0,0,0,0,1,0,0,0,1,0,0,0,0,0,0,0,8,6,7,4,0,2,5,1
Cell_0186,2,10,2,0,0,1,4,1,0,0,3,0,0,0,0,2,0,0,0,0,0,0,0,4,3,6,1,0,2,5,3
Cell_0187,6,10,4,0,1,11,5,1,0,0,1,1,0,0,0,1,0,0,0,0,0,1,1,9,5,7,1,1,1,2,4
Cell_0188,2,5,5,0,0,6,9,0,0,3,1,0,0,0,0,0,0,0,0,0,0,0,0,4,3,4,3,5,2,2,2
Cell_0189,4,4,9,1,0,11,4,0,0,1,0,1,0,0,2,0,0,0,0,0,0,0,0,2,9,2,1,2,5,4,1
Cell_0190,3,4,5,0,0,5,3,1,0,0,0,1,0,0,0,0,0,0,0,1,0,0,0,0,5,3,2,0,0,0,4
Cell_0191,7,3,10,0,0,6,4,0,1,0,0,0,0,1,1,1,0,0,0,0,0,0,1,5,2,1,2,1,3,4,5
Cell_0192,4,5,2,0,0,5,5,1,0,0,1,1,0,1,1,0,0,0,0,0,0,0,0,6,1,4,0,3,0,1,1
Cell_0193,4,6,5,2,0,5,5,0,0,1,1,1,0,0,0,0,0,0,0,0,0,1,0,3,3,3,1,3,3,3,2
Cell_0194,1,6,6,0,0,7,8,1,0,0,1,0,0,0,1,0,0,0,0,0,0,0,0,5,7,2,3,3,0,1,1
Cell_0195,7,7,5,1,0,5,2,0,0,1,0,1,0,0,1,0,0,0,0,0,0,0,0,1,5,6,1,3,1,2,3
Cell_0196,3,4,5,0,0,4,6,0,0,1,0,0,0,0,0,0,0,0,0,0,0,0,1,4,5,3,1,1,1,1,2
Cell_0197,5,3,8,0,0,3,6,1,0,1,0,0,0,1,0,1,0,1,0,0,0,0,1,4,3,4,4,2,1,4,3
Cell_0198,12,8,8,0,0,6,3,0,0,1,0,0,0,1,0,1,0,0,0,0,0,0,0,7,5,7,5,1,2,4,4
Cell_0199,11,6,3,0,0,4,5,0,0,2,1,1,0,1,1,0,0,1,0,1,0,0,1,5,8,5,1,3,1,1,3
Cell_0200,5,7,2,0,1,4,5,0,0,0,1,0,0,3,0,1,0,0,0,0,0,0,3,1,5,3,3,3,2,4,3
Cell_0201,6,10,9,0,1,9,8,0,0,0,2,0,0,0,0,0,0,0,1,0,0,0,0,6,4,5,2,2,2,3,2
Cell_0202,2,4,5,0,0,7,2,0,0,0,0,0,0,1,1,0,0,0,0,0,0,0,0,3,4,3,0,0,0,2,2
Cell_0203,4,15,5,0,1,7,11,0,0,0,1,1,0,0,0,0,0,0,0,0,0,0,0,7,4,2,1,3,1,2,7
Cell_0204,6,5,1,1,0,4,6,0,0,0,0,0,0,0,0,0,0,0,0,1,0,0,0,1,1,4,1,4,4,0,0
Cell_0205,7,5,8,0,0,1,10,0,2,1,1,0,1,1,0,1,1,0,0,0,0,0,0,5,2,5,3,4,2,3,5
Cell_0206,2,3,4,0,0,6,9,0,0,1,0,0,0,0,0,0,0,0,0,0,0,0,1,3,3,1,3,0,1,3,1
Cell_0207,5,5,6,0,1,4,7,0,0,0,0,0,0,0,1,0,0,0,0,0,0,0,1,6,5,1,0,0,1,2,3
Cell_0208,6,2,4,0,1,5,6,1,1,2,1,2,0,2,1,0,0,0,0,0,0,0,1,4,4,2,0,2,2,3,1
Cell_0209,2,1,4,0,0,4,5,0,0,0,0,2,0,0,0,0,0,0,0,0,0,1,0,2,3,2,0,1,2,2,5
Cell_0210,4,4,2,1,0,3,9,0,0,1,0,0,0,0,0,0,0,0,0,1,0,0,0,6,6,3,1,2,1,3,2
Cell_0211,5,2,4,0,0,3,2,0,0,1,0,0,0,0,0,0,0,0,0,0,0,0,0,1,1,2,1,0,1,1,2
Cell_0212,12,6,7,1,0,4,8,0,0,0,1,0,0,0,1,0,0,0,0,0,0,0,1,6,4,9,4,1,2,3,2
Cell_0213,10,5,9,0,1,9,5,1,0,0,2,1,0,0,0,0,0,0,2,0,0,0,1,11,1,8,1,2,6,7,5
Cell_0214,4,8,6,0,0,5,5,0,0,1,0,0,0,1,0,0,0,0,1,0,0,0,1,1,3,5,0,1,0,2,2
Cell_0215,5,4,5,0,0,4,6,1,0,0,0,0,1,0,0,0,0,0,0,0,0,0,0,5,2,2,2,3,3,2,2
Cell_0216,5,10,4,0,1,4,7,1,0,0,2,2,0,1,0,1,0,0,0,0,0,0,0,6,4,4,2,1,2,3,2
Cell_0217,6,4,2,0,0,3,7,0,0,0,0,0,0,0,0,0,0,0,0,0,0,0,0,5,2,2,2,0,0,2,1
Cell_0218,5,3,7,1,0,4,8,1,0,0,1,2,0,1,2,0,0,0,0,0,0,0,0,2,5,3,2,0,0,2,1
Cell_0219,9,8,13,1,0,4,10,2,1,0,1,0,0,0,1,1,0,2,0,0,0,0,0,8,6,3,1,5,3,3,4
Cell_0220,11,12,10,1,0,6,13,0,0,1,3,0,0,1,0,1,0,0,0,0,0,0,0,4,7,8,4,4,3,3,2
Cell_0221,3,3,2,0,0,6,1,1,1,0,3,1,0,1,0,0,1,0,1,0,0,0,0,3,1,3,1,0,1,0,1
Cell_0222,8,11,3,0,1,9,12,0,0,0,1,1,0,1,2,0,0,0,0,2,0,0,1,9,5,2,3,1,2,4,3
Cell_0223,3,3,2,0,0,1,4,0,0,1,1,1,0,0,1,1,0,0,0,0,0,0,0,2,3,2,1,1,2,1,1
Cell_0224,6,4,4,0,1,0,6,2,0,0,0,0,0,0,0,0,0,0,0,0,0,0,1,4,3,5,1,4,1,3,2
Cell_0225,13,7,9,0,1,13,15,0,0,2,0,1,0,0,1,1,0,0,1,1,0,0,0,5,9,7,2,4,4,1,5
Cell_0226,1,4,4,0,1,5,4,0,1,1,0,1,0,1,0,0,0,0,0,0,0,0,0,2,2,5,1,0,0,0,1
Cell_0227,4,5,3,0,1,4,7,0,0,0,0,1,0,0,1,2,0,1,0,0,0,0,2,1,4,3,1,3,0,1,1
Cell_0228,4,1,3,0,0,6,4,1,0,0,0,0,0,0,0,1,0,0,0,0,0,0,0,1,2,4,0,1,1,2,4
Cell_0229,4,2,3,0,0,2,6,1,0,1,2,0,0,0,1,0,0,0,0,0,0,0,0,3,0,1,2,3,1,2,1
Cell_0230,6,6,4,0,0,2,1,0,0,0,0,0,0,0,0,1,0,0,0,0,0,0,0,6,3,4,1,3,2,2,0
Cell_0231,8,5,8,0,0,10,5,0,0,0,5,0,0,1,0,0,0,0,0,0,0,0,0,11,7,2,3,5,2,5,6
Cell_0232,4,4,5,0,1,7,7,1,0,0,1,1,0,0,1,0,0,0,0,0,0,0,1,4,4,1,0,0,1,1,0
Cell_0233,5,4,9,0,0,3,5,1,0,1,3,0,1,0,1,1,0,1,0,0,0,0,0,6,3,7,2,1,4,3,2
Cell_0234,6,6,6,0,0,4,5,0,0,0,0,0,0,0,3,0,0,0,0,0,0,0,1,3,4,1,1,1,1,2,1
Cell_0235,7,2,4,0,0,1,9,1,0,0,0,0,0,0,1,1,0,0,0,0,0,0,1,6,4,5,0,1,2,1,1
Cell_0236,9,8,3,0,0,4,5,0,0,1,0,1,0,1,0,1,0,2,0,0,0,0,0,3,2,5,0,2,2,3,5
Cell_0237,5,9,5,0,0,4,7,0,0,0,0,1,0,0,1,0,0,0,0,0,0,0,1,8,7,4,1,2,2,4,1
Cell_0238,11,8,3,0,0,9,8,0,0,0,0,1,0,0,1,1,0,0,0,0,0,0,0,4,2,2,3,1,2,0,3
Cell_0239,2,2,3,0,0,5,9,0,0,1,0,2,0,0,0,0,0,0,0,0,0,0,0,5,3,3,0,3,2,2,3
Cell_0240,8,13,5,0,1,8,7,0,0,0,0,0,0,0,0,0,0,0,1,0,0,0,0,5,1,3,0,3,2,4,1
Cell_0241,6,13,7,0,0,4,16,0,0,0,2,0,0,0,1,0,0,0,0,2,0,0,1,13,6,3,4,2,7,4,4
Cell_0242,6,6,0,0,0,3,0,0,0,0,0,0,0,0,3,0,0,0,0,0,0,0,0,2,0,0,1,2,1,1,0
Cell_0243,11,8,11,0,0,5,5,0,0,1,2,0,0,1,3,0,0,0,0,0,0,0,2,5,2,3,1,1,4,5,2
Cell_0244,3,3,2,1,0,6,7,0,0,1,0,0,0,1,0,1,0,0,0,0,0,0,1,9,3,1,2,1,1,4,1
Cell_0245,5,3,3,0,0,4,4,0,0,0,0,0,0,1,1,0,0,0,0,0,0,0,0,6,0,2,0,3,2,1,2
Cell_0246,7,5,4,0,0,2,4,0,0,1,0,1,0,0,0,1,0,0,0,0,0,0,0,2,3,1,3,0,2,1,1
Cell_0247,5,3,4,0,0,5,2,0,1,0,1,1,0,1,1,0,0,0,2,1,0,0,1,5,4,6,2,2,0,3,1
Cell_0248,2,3,7,0,0,4,6,0,0,1,1,1,0,0,2,0,0,0,0,0,0,1,0,4,4,1,2,3,4,1,2
Cell_0249,6,11,10,0,2,8,8,0,0,0,2,1,0,1,0,0,0,0,0,0,0,0,1,7,4,6,5,0,0,5,3
Cell_0250,4,8,4,0,0,4,8,1,0,0,1,0,0,0,0,1,1,0,1,0,0,0,0,5,2,1,2,3,2,4,3
Cell_0251,5,11,6,0,0,8,10,0,1,0,2,2,0,0,1,3,0,0,0,0,0,0,1,7,3,2,2,1,0,2,2
Cell_0252,5,3,3,0,0,4,8,0,0,0,0,2,0,1,2,0,0,1,0,0,0,0,1,4,5,3,1,1,2,1,3
Cell_0253,8,2,4,1,0,5,7,0,0,1,1,2,0,0,1,0,0,2,1,0,0,0,0,7,3,8,5,4,3,0,4
Cell_0254,6,10,5,0,1,9,7,0,0,1,3,0,1,0,3,0,0,0,0,0,0,0,1,7,3,4,1,2,1,0,3
Cell_0255,9,9,9,0,0,4,5,0,0,0,2,1,0,1,2,1,0,0,0,0,0,0,1,8,3,5,2,2,1,5,3
Cell_0256,7,10,3,0,0,8,7,1,0,0,0,2,1,1,2,2,0,0,0,0,0,0,2,3,7,7,2,1,2,4,4
Cell_0257,1,3,3,0,0,7,7,0,1,0,0,1,0,0,1,0,0,0,1,0,0,1,1,3,5,2,2,0,2,2,0
Cell_0258,8,9,5,0,0,4,2,1,0,1,1,3,0,0,1,1,0,0,0,0,0,0,0,6,4,3,1,4,1,2,0
Cell_0259,11,12,5,0,1,6,7,0,0,2,1,3,0,0,1,0,0,0,0,1,0,0,2,8,8,6,3,5,2,3,3
Cell_0260,5,4,6,0,0,2,4,1,0,0,0,1,0,1,1,0,0,0,1,2,0,0,0,6,2,4,2,1,1,2,2
Cell_0261,4,6,7,0,0,2,5,0,2,0,0,0,0,0,0,0,0,0,0,0,0,0,1,3,2,2,2,3,1,1,2
Cell_0262,1,7,3,0,0,4,4,0,0,0,0,0,0,0,0,0,0,0,0,0,0,0,1,7,4,2,1,1,0,3,2
Cell_0263,5,7,6,0,0,5,8,3,0,1,0,1,0,0,1,0,0,0,0,0,0,0,0,11,5,3,0,0,2,0,2
Cell_0264,8,4,5,0,0,6,3,0,0,0,0,0,0,0,0,0,0,1,0,1,0,0,1,8,2,4,1,2,1,0,1
Cell_0265,6,8,4,0,0,6,3,1,0,1,0,0,0,1,0,1,0,1,0,0,0,0,1,5,7,4,6,3,2,1,1
Cell_0266,1,2,2,1,0,4,3,0,0,0,1,0,0,0,1,1,0,0,0,0,0,0,0,6,1,1,3,0,2,3,2
Cell_0267,6,2,2,0,0,2,3,0,0,0,0,0,0,1,0,0,0,0,0,0,0,0,0,1,2,4,1,0,0,1,3
Cell_0268,1,3,2,0,0,3,5,1,0,1,0,0,0,1,1,0,0,0,0,0,0,0,0,3,4,2,1,2,0,1,0
Cell_0269,6,2,1,1,0,0,8,1,0,2,0,1,0,0,0,1,0,0,1,1,0,0,0,1,3,5,3,3,0,2,1
Cell_0270,6,7,5,0,0,2,6,0,0,2,2,1,0,0,0,0,0,1,0,0,0,0,1,7,8,6,3,4,2,6,3
Cell_0271,6,7,6,0,1,6,6,2,0,1,0,1,0,1,1,1,1,0,0,0,0,0,0,4,4,5,1,1,0,1,1
Cell_0272,7,7,5,0,1,1,9,1,0,0,2,1,0,0,0,1,0,0,0,1,0,0,0,8,5,2,5,3,2,2,5
Cell_0273,6,5,4,0,0,8,2,0,0,2,0,0,0,0,1,1,0,0,0,0,0,0,1,7,0,1,1,1,1,2,5
Cell_0274,2,5,3,0,0,2,1,1,0,0,3,0,0,1,1,1,0,0,0,0,0,0,0,3,0,0,1,0,1,4,2
Cell_0275,4,3,10,0,0,10,3,1,0,0,3,0,0,0,1,0,0,0,0,0,0,0,0,5,3,4,4,2,2,1,6
Cell_0276,5,2,3,0,0,5,7,1,0,1,0,0,0,1,0,0,0,0,0,0,0,0,0,5,2,4,1,3,1,2,3
Cell_0277,7,1,3,0,1,8,2,0,0,1,1,0,0,1,0,0,0,0,0,0,0,0,0,0,5,2,0,1,0,1,2
Cell_0278,9,7,6,0,0,13,9,0,0,2,1,1,0,1,2,0,0,0,0,1,0,0,1,7,3,5,1,4,1,3,4
Cell_0279,4,6,6,0,0,6,2,0,0,0,0,0,0,0,0,0,0,0,0,0,0,0,0,10,4,3,5,0,4,2,2
Cell_0280,9,10,9,0,0,8,0,8,7,0,0,0,0,0,4,0,1,1,0,0,0,0,0,0,1,0,4,4,0,1,4
Cell_0281,1,4,5,0,0,3,0,4,8,1,0,0,0,0,0,0,0,1,1,0,0,0,0,0,0,0,3,0,1,5,3
Cell_0282,3,7,7,2,1,3,0,2,2,1,1,0,0,0,0,0,0,0,0,0,0,0,0,0,0,0,1,1,1,2,1
Cell_0283,7,10,2,0,0,14,0,5,4,0,1,0,0,1,1,0,3,2,0,0,0,0,0,0,0,1,0,4,1,3,3
Cell_0284,3,8,6,0,0,3,0,4,5,3,1,0,0,1,2,0,1,0,0,0,0,0,0,0,0,1,2,1,1,0,3
Cell_0285,3,6,5,0,0,2,0,4,4,1,0,0,0,0,0,1,2,0,1,0,0,0,0,0,0,0,0,3,0,5,1
Cell_0286,4,3,7,0,2,5,0,6,2,1,0,0,0,0,2,2,0,0,0,0,0,0,0,0,1,0,1,1,0,1,1
Cell_0287,10,11,9,0,0,5,0,10,2,0,0,0,0,1,1,1,0,0,1,1,0,0,0,0,2,0,2,3,0,2,0
Cell_0288,3,5,3,1,0,2,0,3,2,0,0,0,0,0,1,0,0,1,1,0,0,0,0,0,0,0,1,2,0,2,1
Cell_0289,4,4,6,1,1,9,0,3,1,1,1,0,0,0,0,1,2,0,0,0,0,0,0,0,1,0,1,3,0,0,2
Cell_0290,5,8,4,0,0,4,0,4,4,0,0,0,0,0,0,0,0,0,2,0,0,0,0,0,0,0,0,0,1,2,1
Cell_0291,11,1,10,0,0,6,0,4,2,0,0,0,1,1,0,1,0,0,0,0,0,0,0,0,1,0,1,2,2,3,3
Cell_0292,10,7,2,0,0,6,0,5,5,0,2,0,0,1,1,2,0,0,0,0,0,0,0,0,0,0,4,1,1,3,4
Cell_0293,10,9,10,0,1,8,0,8,5,1,1,0,0,1,4,0,0,1,0,0,0,0,0,0,0,0,2,1,0,0,2
Cell_0294,4,6,1,0,0,5,0,5,3,0,1,0,0,0,2,0,0,1,1,0,0,0,0,0,0,0,2,1,2,1,2
Cell_0295,1,6,9,0,0,11,0,8,8,0,0,1,0,2,4,0,1,0,0,0,0,0,0,0,0,0,5,3,3,2,2
Cell_0296,3,10,13,1,0,12,0,9,5,2,1,0,1,0,1,1,1,0,0,0,0,0,0,0,0,0,2,0,3,4,2
Cell_0297,5,2,3,0,1,2,0,4,8,0,1,0,0,0,0,1,1,2,2,0,0,0,0,0,0,0,1,1,1,0,1
Cell_0298,4,8,4,1,3,6,0,4,6,0,1,1,0,0,1,0,0,0,0,0,0,1,1,0,1,0,3,2,5,3,0
Cell_0299,7,5,7,0,0,3,0,7,5,1,1,0,0,0,1,1,0,1,1,1,0,0,0,0,1,0,2,4,2,1,3
Cell_0300,2,7,1,0,0,8,0,3,3,0,1,0,0,0,0,2,2,0,1,1,0,1,0,0,1,0,2,2,3,3,1
Cell_0301,5,5,4,1,0,2,0,1,4,1,1,0,0,0,0,0,0,1,1,0,0,0,0,0,0,0,4,2,3,1,0
Cell_0302,6,18,3,1,1,10,0,8,7,0,0,0,0,2,2,1,4,0,3,0,0,0,0,0,1,0,3,3,2,3,3
Cell_0303,3,7,5,1,0,4,0,3,8,0,0,0,0,0,3,1,1,0,0,0,0,0,0,0,0,0,1,0,2,2,2
Cell_0304,2,3,5,0,0,4,0,3,4,0,1,0,0,0,0,0,1,0,0,0,0,0,0,0,1,0,1,0,0,1,3
Cell_0305,8,7,5,1,0,11,0,8,5,1,1,0,0,0,1,0,1,0,0,0,0,0,0,0,0,0,1,1,2,3,2
Cell_0306,5,7,10,0,0,3,0,3,5,0,0,0,1,0,1,1,0,0,0,1,0,0,0,0,1,0,1,1,2,2,2
Cell_0307,1,5,4,0,0,1,0,3,2,0,1,0,0,0,2,0,1,0,0,0,0,0,0,0,0,1,1,0,0,1,1
Cell_0308,3,7,1,1,2,2,1,6,4,0,0,0,0,1,0,1,1,0,0,0,0,0,0,0,1,0,1,3,2,3,3
Cell_0309,6,4,2,0,0,9,0,3,6,1,1,0,0,0,0,1,1,0,1,0,0,0,0,0,1,0,1,3,2,0,3
Cell_0310,4,6,5,1,0,2,0,4,1,0,0,0,0,0,1,1,1,0,0,0,0,1,0,0,0,0,1,1,1,1,4
Cell_0311,5,10,5,0,0,3,0,1,6,1,0,0,0,0,2,0,0,0,0,0,0,0,0,0,2,0,1,0,0,0,3
Cell_0312,4,10,2,1,0,9,0,6,7,2,4,0,0,0,0,1,0,0,2,0,1,0,0,1,1,0,7,0,3,0,5
Cell_0313,2,5,8,1,0,5,0,7,7,1,0,0,0,0,0,1,1,0,1,0,1,0,0,0,1,0,1,4,1,0,1
Cell_0314,7,15,18,1,1,5,0,7,2,0,1,0,0,1,1,0,0,0,0,0,0,0,0,0,1,0,2,3,3,2,1
Cell_0315,2,1,0,0,0,0,0,5,0,0,1,0,0,1,1,0,0,1,0,0,0,0,0,0,0,0,1,0,0,2,0
Cell_0316,4,1,5,1,1,1,0,4,2,0,1,0,0,0,0,0,0,0,0,0,0,0,0,0,1,0,2,5,1,2,2
Cell_0317,4,8,11,2,0,4,0,2,6,0,0,0,0,0,0,0,0,0,1,0,0,0,0,0,0,0,1,1,1,5,3
Cell_0318,8,10,11,0,1,5,0,6,9,1,0,0,0,0,2,0,0,0,0,0,0,0,0,0,1,0,4,1,2,3,4
Cell_0319,2,6,5,1,1,4,0,7,4,0,1,0,0,0,1,0,1,0,1,0,0,0,0,0,2,0,2,1,1,4,4
Cell_0320,3,4,9,0,0,4,0,4,4,2,4,1,0,0,0,0,0,0,0,0,0,0,0,0,0,0,1,0,1,2,3
Cell_0321,4,9,5,1,0,8,0,10,3,2,4,0,0,1,2,1,2,0,1,0,0,0,1,0,1,1,3,4,2,2,1
Cell_0322,3,6,8,0,1,5,0,8,7,1,0,0,0,0,0,0,1,0,1,0,0,0,0,0,2,0,3,0,0,3,2
Cell_0323,8,10,8,2,0,3,0,6,5,0,1,1,0,1,2,1,2,1,1,0,0,0,0,0,0,0,1,4,3,4,2
Cell_0324,8,9,5,2,0,8,0,4,5,0,2,0,0,0,3,1,1,0,3,0,0,0,0,0,2,0,1,2,1,4,1
Cell_0325,1,5,3,0,0,3,0,3,2,0,1,1,0,1,0,0,0,0,0,0,0,0,0,0,1,0,0,0,0,1,2
Cell_0326,7,4,1,2,0,8,0,16,8,2,1,0,0,0,0,1,0,0,0,0,0,0,0,0,1,2,0,2,0,2,1
Cell_0327,6,8,5,1,1,8,0,2,4,0,0,0,0,1,3,0,0,0,1,0,0,0,0,0,0,0,2,1,4,1,1
Cell_0328,7,10,9,2,1,4,0,4,9,0,0,0,0,0,0,1,0,1,0,0,0,0,1,0,2,0,2,2,1,1,1
Cell_0329,8,8,10,2,0,11,0,4,9,2,1,0,0,2,1,0,4,0,0,0,0,0,0,0,2,0,4,4,3,2,4
Cell_0330,9,1,6,2,0,5,0,10,5,0,0,0,0,0,2,0,1,0,1,0,0,0,1,0,0,2,0,2,2,3,0
Cell_0331,3,9,4,0,0,6,0,5,4,0,0,0,0,1,2,0,2,0,1,0,0,0,0,0,1,0,0,0,2,2,3
Cell_0332,5,5,3,2,2,3,0,5,2,2,2,0,0,0,1,0,0,0,0,0,0,0,0,0,0,0,2,0,1,5,2
Cell_0333,2,11,4,0,1,5,0,5,3,0,1,0,0,0,1,0,0,1,1,0,0,0,0,0,2,0,3,2,2,3,2
Cell_0334,8,5,10,2,1,5,0,3,11,0,2,0,0,0,3,0,2,0,2,0,0,0,0,0,0,0,2,2,3,1,2
Cell_0335,9,7,2,0,0,5,0,1,2,1,0,0,0,1,2,0,0,0,1,0,0,0,0,0,1,0,2,1,0,3,2
Cell_0336,5,4,2,0,0,4,0,0,3,0,0,0,0,0,0,0,1,0,0,1,0,0,0,0,2,0,0,1,0,0,1
Cell_0337,5,7,6,0,0,8,0,3,3,3,2,0,0,0,4,0,2,0,1,0,0,0,0,0,0,0,6,3,1,4,2
Cell_0338,9,12,8,0,1,6,0,5,7,0,1,0,0,0,0,0,2,0,0,1,0,0,0,0,0,0,1,1,2,3,1
Cell_0339,6,5,3,1,0,3,0,3,7,0,0,0,0,0,2,0,0,0,1,1,0,0,0,0,2,0,0,3,1,0,3
Cell_0340,3,7,8,1,0,7,0,6,8,0,3,0,0,2,2,1,0,2,0,1,1,0,0,0,1,0,1,0,1,1,3
Cell_0341,7,10,14,1,0,8,0,8,5,0,1,0,0,1,2,1,3,0,3,0,0,0,0,0,1,0,4,3,3,2,3
Cell_0342,8,5,3,1,0,2,0,4,6,0,0,0,0,0,0,2,0,1,1,0,0,0,0,0,0,0,2,1,2,2,2
Cell_0343,10,9,9,2,0,13,0,5,8,0,1,0,0,1,2,1,0,0,1,0,0,0,0,0,0,0,4,2,3,2,2
Cell_0344,7,7,5,1,0,5,0,5,6,0,0,0,0,1,1,0,0,0,0,0,0,0,0,0,1,0,3,5,4,0,3
Cell_0345,7,7,4,1,0,1,0,5,3,0,1,1,0,1,1,0,1,0,1,0,0,0,0,0,0,0,1,2,0,6,2
Cell_0346,5,10,5,2,1,2,0,4,2,0,0,0,0,0,2,0,0,1,0,0,0,0,0,0,0,1,1,2,1,0,0
Cell_0347,7,6,6,0,0,4,0,5,5,2,1,0,0,0,0,2,1,0,0,0,0,0,1,0,0,0,1,3,2,2,0
Cell_0348,7,8,6,0,1,6,0,4,1,0,2,0,0,1,4,0,0,0,0,0,0,0,0,0,0,0,3,1,3,1,4
Cell_0349,6,5,11,1,1,6,0,7,1,0,2,0,0,0,3,0,0,1,0,0,0,0,0,0,0,0,4,1,2,5,2
Cell_0350,6,8,5,0,0,5,0,6,7,0,0,0,0,0,0,0,0,0,0,0,0,0,0,0,0,0,1,1,2,3,1
Cell_0351,5,6,4,0,0,3,0,4,4,0,1,0,0,2,1,0,0,0,1,0,0,0,0,0,0,0,2,2,0,0,5
Cell_0352,6,12,5,1,0,7,0,9,3,1,0,0,0,0,3,0,1,2,0,0,0,0,0,0,0,0,1,3,2,4,0
Cell_0353,8,15,3,3,2,7,0,10,5,2,0,0,0,1,1,0,0,1,1,0,0,0,0,0,0,0,3,3,1,3,0
Cell_0354,4,6,2,0,1,6,0,5,5,0,0,0,0,0,3,0,0,0,0,0,0,0,0,0,0,0,0,1,0,4,0
Cell_0355,5,4,3,0,0,11,0,6,4,2,0,0,0,1,3,1,1,0,0,0,0,0,0,0,0,1,3,0,3,0,4
Cell_0356,5,4,1,1,0,0,0,7,2,0,0,0,0,0,0,0,0,0,0,0,0,0,0,0,0,0,1,0,0,4,0
Cell_0357,3,3,5,0,0,1,0,1,7,1,0,0,0,0,0,0,2,0,0,0,0,0,0,0,0,0,0,0,2,2,1
Cell_0358,5,7,6,0,0,3,0,3,3,0,0,0,0,0,0,1,0,0,0,1,0,0,0,0,0,0,2,1,0,0,1
Cell_0359,10,8,8,0,0,5,0,7,7,0,2,1,0,0,1,2,1,0,1,0,0,0,0,0,3,0,2,4,2,0,7
Cell_0360,5,5,4,1,0,1,0,2,10,0,1,1,0,0,0,0,0,0,0,0,0,0,0,0,0,1,3,3,2,0,1
Cell_0361,4,6,6,2,0,11,0,3,4,1,2,0,0,0,0,1,1,0,0,1,0,0,0,0,0,1,0,1,1,1,1
Cell_0362,10,9,2,1,0,6,0,13,4,0,2,0,0,0,2,2,2,0,1,0,2,0,0,0,2,0,0,7,0,4,4
Cell_0363,4,10,5,0,0,7,0,5,8,1,0,0,0,0,0,0,0,1,3,0,0,0,0,0,1,0,2,0,1,4,1
Cell_0364,5,4,9,2,0,5,0,9,3,1,0,0,0,0,2,1,0,1,2,0,0,0,0,0,3,0,0,4,1,3,3
Cell_0365,7,2,7,0,0,3,0,4,8,1,0,0,0,0,3,1,2,1,2,0,0,0,0,0,0,0,6,6,2,2,1
Cell_0366,4,1,2,1,0,10,0,6,7,0,1,0,0,0,1,0,1,0,0,0,0,0,0,0,2,3,3,1,2,1,0
Cell_0367,6,7,8,0,0,7,0,5,5,2,2,0,0,0,1,1,0,0,2,0,0,0,0,0,0,0,2,0,3,2,0
Cell_0368,4,6,8,1,0,6,0,4,9,1,2,0,0,0,0,1,0,0,0,0,0,0,0,0,1,0,1,5,3,0,2
Cell_0369,4,6,0,1,0,1,0,3,3,0,0,0,0,0,0,0,0,0,0,0,0,0,0,0,0,0,1,0,2,1,4
Cell_0370,1,0,0,1,0,0,1,0,1,8,3,4,9,1,0,0,2,0,0,0,1,1,1,2,1,1,0,3,2,2,1
Cell_0371,0,0,0,1,0,0,0,0,0,5,5,10,7,0,0,0,0,0,0,2,3,0,1,2,0,1,2,4,6,1,0
Cell_0372,0,0,0,0,0,1,1,1,1,14,16,10,9,1,0,0,3,0,0,0,3,2,2,1,3,0,6,5,2,7,3
Cell_0373,1,2,0,0,0,0,2,0,1,5,8,6,7,0,0,0,1,0,0,0,0,0,0,0,0,1,2,2,4,0,2
Cell_0374,0,0,0,0,0,1,0,1,2,1,5,3,8,1,0,1,0,0,0,0,0,0,0,0,0,0,1,0,1,1,3
Cell_0375,0,0,1,0,0,1,1,2,4,3,3,2,5,0,0,0,0,0,0,0,0,0,0,1,0,0,3,0,0,3,2
Cell_0376,0,0,1,0,0,0,1,3,3,9,8,7,8,1,0,0,4,0,0,0,0,0,0,1,0,0,1,6,3,1,3
Cell_0377,0,0,1,3,0,0,0,0,3,11,3,5,8,0,0,0,1,0,0,0,0,0,0,1,0,0,0,3,0,1,1
Cell_0378,1,0,1,1,0,0,0,0,2,4,2,5,8,0,0,0,2,1,0,1,0,0,0,1,0,0,3,1,1,2,1
Cell_0379,0,0,1,0,0,0,4,0,2,8,8,7,5,1,0,0,1,0,0,0,0,0,0,1,1,0,1,3,1,0,2
Cell_0380,0,2,0,0,0,0,0,0,0,6,8,6,12,0,0,0,5,0,0,0,1,1,0,2,2,1,6,3,2,5,3
Cell_0381,0,1,0,0,0,0,1,1,0,5,5,6,8,0,0,0,1,0,0,0,0,0,0,1,0,0,2,4,0,1,1
Cell_0382,0,0,2,0,0,1,0,1,1,10,4,3,9,1,0,0,0,0,0,0,1,0,0,0,0,1,2,1,0,1,0
Cell_0383,0,0,0,0,0,0,2,0,1,13,7,8,10,0,0,0,0,0,0,0,2,0,0,2,2,1,2,4,1,3,2
Cell_0384,0,0,0,0,0,0,1,1,1,10,6,5,7,0,0,0,1,0,0,0,0,1,0,0,0,0,2,0,2,0,0
Cell_0385,0,0,0,0,0,0,1,0,0,2,7,5,2,0,0,0,3,0,0,0,2,0,0,2,0,0,3,2,1,3,0
Cell_0386,0,0,1,0,0,0,1,1,3,4,9,5,6,0,0,0,1,0,0,0,0,0,0,1,0,1,2,3,2,2,3
Cell_0387,0,0,0,0,0,0,1,0,1,4,6,7,6,1,1,1,1,0,0,0,1,0,0,1,1,0,1,0,3,2,3
Cell_0388,0,0,0,0,0,0,2,0,1,8,5,10,5,0,0,0,0,0,0,0,0,0,0,0,0,0,0,3,2,2,4
Cell_0389,1,0,0,0,0,0,3,0,0,13,7,7,11,0,0,1,2,0,0,0,1,0,0,2,0,1,3,2,1,2,3
Cell_0390,0,0,0,0,0,1,0,0,1,4,5,5,8,1,0,0,1,0,0,1,0,0,0,0,2,1,0,1,1,0,2
Cell_0391,0,0,0,1,0,0,1,1,0,5,7,4,6,0,1,0,0,0,0,0,0,1,1,2,1,0,3,2,1,0,1
Cell_0392,0,0,0,0,0,0,0,1,2,4,5,7,5,1,0,0,1,0,0,0,0,0,0,0,0,0,1,0,0,1,2
Cell_0393,1,0,0,0,0,0,0,0,1,1,7,9,8,0,0,0,1,0,0,0,0,0,0,1,1,1,4,3,1,2,3
Cell_0394,0,0,0,0,0,0,1,2,1,6,3,4,5,0,0,0,0,0,0,0,1,0,0,0,0,0,3,1,1,0,0
Cell_0395,0,1,0,0,0,0,0,0,3,3,12,7,9,0,1,0,0,0,0,0,1,0,1,2,1,1,2,2,0,3,5
Cell_0396,0,0,0,0,0,1,0,0,0,4,10,8,6,0,0,0,0,0,0,0,0,0,0,2,0,0,1,2,2,2,0
Cell_0397,0,0,0,0,1,0,3,0,0,5,7,7,5,0,0,0,1,0,0,0,0,0,0,2,1,2,1,1,4,3,2
Cell_0398,0,1,0,0,0,0,0,1,0,8,7,11,2,0,0,0,2,0,0,0,0,0,0,1,1,1,1,2,0,1,2
Cell_0399,0,0,0,0,0,0,1,0,0,3,5,5,5,0,0,0,0,0,0,0,0,0,0,0,0,0,3,0,2,2,2
Cell_0400,0,0,0,0,0,0,0,0,1,5,3,3,3,0,0,0,0,0,0,0,1,0,0,1,0,0,0,0,0,5,3
Cell_0401,0,0,0,0,0,0,1,1,0,10,5,11,3,0,1,0,1,0,0,0,1,0,0,1,0,2,2,2,2,3,5
Cell_0402,0,0,1,0,0,0,1,1,2,7,4,3,3,1,0,0,0,0,0,0,1,0,0,0,0,0,2,3,1,1,2
Cell_0403,0,0,0,0,0,0,1,1,0,7,1,4,4,1,0,0,1,0,0,0,0,0,0,0,0,0,0,3,2,2,2
Cell_0404,0,0,0,0,0,1,2,0,0,6,7,14,14,0,0,0,0,0,0,0,0,0,0,0,2,2,0,3,2,2,1
Cell_0405,1,0,0,0,0,0,1,1,2,7,2,7,0,0,0,0,3,0,0,0,1,0,0,2,0,1,1,1,1,1,2
Cell_0406,0,0,0,1,0,0,3,0,1,5,3,6,3,1,0,0,1,0,0,1,1,0,0,1,0,0,0,1,0,0,0
Cell_0407,1,0,0,0,0,1,1,1,3,10,7,10,6,0,0,0,1,0,0,1,1,0,0,3,1,0,2,3,2,2,3
Cell_0408,0,0,0,0,0,0,3,2,1,4,3,9,6,0,0,0,0,0,0,0,0,0,0,1,1,1,1,3,2,3,2
Cell_0409,0,0,0,0,0,0,1,0,3,8,6,8,4,1,1,0,1,0,0,0,0,0,0,1,0,0,0,1,5,2,3
Cell_0410,0,1,0,0,0,0,2,3,2,10,9,4,6,0,0,0,1,0,0,0,0,0,1,0,2,0,0,3,2,0,1
Cell_0411,0,0,1,0,0,0,0,1,0,2,5,8,3,0,0,0,0,0,0,0,0,0,0,1,1,0,0,1,0,1,2
Cell_0412,0,0,0,0,0,0,1,0,0,1,9,4,4,0,0,0,0,0,0,0,0,0,1,0,0,1,0,1,3,0,1
Cell_0413,0,0,0,0,0,0,1,1,0,7,10,6,4,0,0,0,0,0,0,0,0,0,2,0,1,0,2,1,1,2,0
Cell_0414,0,0,0,0,0,0,4,0,2,7,14,10,11,2,0,0,3,0,0,1,0,0,0,1,0,1,3,6,2,2,3
Cell_0415,0,0,0,0,0,0,1,1,2,8,7,4,11,2,0,0,1,0,0,0,0,0,1,1,3,0,1,0,0,1,2
Cell_0416,0,0,1,0,0,0,1,0,0,9,4,4,3,2,1,0,0,0,0,1,1,0,0,1,0,1,1,2,0,2,3
Cell_0417,1,1,0,0,0,0,1,0,1,4,4,2,9,0,0,0,0,0,0,1,1,0,0,0,0,0,0,0,1,1,0
Cell_0418,0,0,0,0,0,0,1,0,1,4,6,3,5,0,0,0,0,0,0,0,1,1,0,1,1,0,0,4,3,2,0
Cell_0419,0,0,1,0,0,0,3,0,1,6,6,8,9,1,0,1,1,0,0,0,0,0,0,0,0,0,3,2,3,1,1
Cell_0420,0,0,0,0,0,0,2,1,0,3,6,7,6,1,0,0,0,0,0,0,1,0,0,2,0,0,1,5,0,1,0
Cell_0421,0,0,0,0,0,2,1,0,2,9,6,7,11,1,0,0,1,0,0,0,0,2,1,0,2,0,1,3,0,2,2
Cell_0422,0,0,1,0,0,0,1,0,0,3,5,13,4,0,0,0,0,0,1,0,0,0,0,0,1,0,2,2,1,1,0
Cell_0423,0,1,0,0,0,0,1,0,1,6,9,9,3,1,0,0,1,0,0,1,1,0,1,0,2,1,3,3,1,4,5
Cell_0424,0,0,0,0,0,0,0,1,2,1,4,5,7,0,1,0,0,0,0,0,0,0,0,1,0,0,3,2,2,0,1
Cell_0425,0,0,0,0,0,0,1,0,1,5,4,4,3,1,0,0,0,0,0,0,0,1,0,1,1,0,1,1,1,0,0
Cell_0426,0,0,1,0,0,0,1,0,1,4,5,6,3,0,1,0,1,0,0,0,0,0,0,2,0,0,0,2,1,3,2
Cell_0427,0,0,0,0,0,0,1,0,0,11,13,4,8,2,0,0,0,0,0,0,1,1,1,0,1,0,3,2,2,0,2
Cell_0428,0,0,1,1,0,0,1,1,2,6,7,4,2,0,0,0,0,0,0,0,1,0,0,1,1,1,3,2,2,1,4
Cell_0429,0,0,0,0,0,1,0,1,0,6,4,3,5,0,0,0,2,0,0,1,1,0,2,1,0,0,2,3,2,1,2
Cell_0430,0,0,1,0,0,0,2,0,2,5,2,5,4,1,0,1,0,0,0,0,0,0,1,2,1,0,5,1,2,2,1
Cell_0431,0,0,0,0,0,1,1,0,1,10,3,5,10,0,0,0,2,0,0,0,1,1,0,1,0,0,1,3,0,0,0
Cell_0432,0,0,0,0,0,0,0,0,0,5,4,5,6,2,0,1,0,0,0,1,0,0,0,2,1,0,0,1,1,0,4
Cell_0433,0,0,0,0,0,0,0,0,1,7,6,8,4,0,0,0,0,0,0,0,0,0,0,0,1,0,1,2,2,2,2
Cell_0434,0,0,0,0,0,1,1,0,3,5,3,7,3,0,0,0,0,0,0,0,1,0,0,0,0,0,2,1,1,2,0
Cell_0435,0,0,0,0,0,2,0,1,0,7,5,4,2,0,0,0,0,0,0,0,0,0,0,0,1,0,2,2,3,2,1
Cell_0436,0,0,0,0,0,0,1,2,2,8,11,7,8,1,0,0,0,0,0,0,0,0,1,1,1,1,0,1,0,0,3
Cell_0437,1,0,0,0,0,0,2,0,0,6,2,4,9,0,0,0,2,0,0,0,1,2,0,1,0,0,3,2,0,1,3
Cell_0438,0,0,0,0,0,0,0,0,1,5,6,8,6,0,0,0,0,0,0,0,0,0,0,0,0,2,3,1,4,2,1
Cell_0439,0,1,1,0,0,0,3,0,3,6,5,12,6,1,0,1,1,0,0,0,2,0,1,2,0,0,0,1,2,1,2
Cell_0440,0,0,0,0,0,0,2,0,2,3,3,6,3,0,0,0,1,0,0,0,0,0,0,1,0,0,1,1,1,0,1
Cell_0441,1,0,0,0,0,0,0,1,1,6,6,4,5,0,1,0,1,0,0,0,0,0,0,0,0,2,1,1,0,0,2
Cell_0442,0,0,0,0,0,0,1,0,2,8,3,5,3,1,1,0,1,0,0,0,0,1,0,0,0,0,5,1,1,1,1
Cell_0443,0,0,0,0,0,0,0,0,0,5,3,4,2,0,0,0,1,0,0,0,1,0,0,2,1,1,4,1,1,1,2
Cell_0444,0,0,0,0,0,1,0,2,0,3,3,5,2,0,0,0,1,0,0,0,0,0,0,1,0,0,1,0,1,0,1
Cell_0445,0,0,0,1,0,0,1,0,2,6,5,9,9,1,0,0,0,0,2,0,0,0,0,2,0,1,1,3,0,3,3
Cell_0446,0,0,0,0,0,0,1,1,0,5,4,5,3,0,2,0,1,0,1,0,0,0,0,1,0,0,3,3,0,1,3
Cell_0447,1,0,0,0,1,0,2,1,1,9,11,11,3,0,0,0,4,0,0,0,0,0,1,1,1,1,4,1,1,4,0
Cell_0448,0,0,1,0,0,0,0,1,2,8,11,2,11,0,0,0,1,0,0,0,0,1,1,1,1,0,2,2,3,1,1
Cell_0449,0,0,0,0,0,0,1,0,1,4,2,3,1,1,0,0,0,0,0,0,0,0,0,0,0,1,1,2,0,1,0
Cell_0450,0,0,0,0,0,0,1,0,0,12,5,3,4,1,0,0,1,0,0,0,1,1,0,1,0,0,2,1,2,1,2
Cell_0451,1,0,0,0,0,0,1,0,0,8,6,7,4,1,0,0,2,0,0,0,0,0,0,0,1,0,2,1,2,2,0
Cell_0452,0,0,0,1,0,0,0,2,1,8,6,10,3,0,1,0,1,0,0,0,0,1,0,1,2,1,5,0,0,1,1
Cell_0453,1,0,1,0,0,0,0,0,0,5,8,9,3,0,0,0,1,0,1,0,0,0,0,1,1,0,3,2,0,2,2
Cell_0454,0,0,0,0,0,0,0,0,0,6,6,3,4,0,0,0,0,0,2,0,0,0,0,1,0,0,2,3,2,1,1
Cell_0455,0,0,0,0,0,0,1,0,0,7,7,4,8,1,0,0,2,0,0,0,0,0,0,1,0,1,3,1,2,1,0
Cell_0456,0,0,2,0,0,0,1,0,0,6,2,7,6,0,1,0,2,0,0,0,0,0,0,0,1,1,2,2,2,0,2
Cell_0457,0,0,0,1,0,0,1,0,1,8,5,7,5,0,1,0,1,0,1,0,1,0,1,0,0,0,3,0,2,2,1
Cell_0458,0,0,0,0,0,0,2,0,4,7,4,5,6,1,0,0,0,0,0,1,1,0,0,0,0,0,2,7,4,0,4
Cell_0459,0,0,0,0,0,0,0,0,1,4,2,2,2,0,0,0,0,0,0,0,1,0,0,1,0,2,1,1,0,1,1
Cell_0460,1,0,1,0,0,0,0,1,2,9,7,6,5,1,0,0,2,0,0,1,1,1,0,1,1,2,3,3,3,2,4
Cell_0461,1,0,0,0,0,1,0,0,1,5,7,6,3,0,0,0,0,0,0,0,0,0,0,0,0,0,2,0,1,1,0
Cell_0462,0,0,0,0,0,0,0,0,3,10,3,11,7,0,0,1,2,0,0,0,3,0,0,2,0,0,4,2,3,0,4
Cell_0463,0,0,0,0,0,0,3,0,5,11,19,12,12,3,1,0,1,0,2,0,0,1,1,2,5,2,4,3,3,4,2
Cell_0464,0,0,0,0,0,0,1,0,1,6,5,7,11,2,0,1,0,0,0,0,0,0,0,0,2,1,1,4,2,0,2
Cell_0465,0,0,0,1,1,0,0,1,0,6,10,8,9,0,0,0,1,0,1,1,1,1,0,1,0,1,4,1,2,1,5
Cell_0466,0,0,0,0,0,0,2,0,1,10,2,4,0,0,0,0,0,0,0,0,0,0,0,0,0,0,3,3,2,3,0
Cell_0467,0,0,0,0,0,0,1,2,2,4,1,4,4,0,0,0,1,0,0,1,0,0,0,0,0,0,3,1,2,1,0
Cell_0468,0,0,0,0,0,0,1,1,0,5,4,19,10,1,0,0,0,0,0,0,0,1,1,1,0,0,3,3,2,4,3
Cell_0469,0,0,0,0,0,0,0,1,0,2,13,7,4,0,0,0,3,0,0,0,0,0,0,0,0,0,2,4,3,3,2
Cell_0470,0,0,0,0,0,2,1,1,1,13,7,6,4,2,0,0,1,0,0,0,0,0,0,0,0,1,1,0,2,4,5
Cell_0471,1,1,0,0,0,0,2,0,3,10,10,6,3,0,0,0,3,0,0,0,1,0,0,3,1,1,1,4,3,2,3
Cell_0472,0,0,0,0,0,0,0,0,2,6,3,2,3,1,0,0,0,0,0,1,0,0,0,1,1,1,0,0,4,0,0
Cell_0473,0,0,0,0,0,0,1,0,3,11,5,5,9,0,0,0,1,0,0,0,1,0,1,1,0,0,2,4,1,2,1
Cell_0474,0,0,0,0,0,0,1,1,2,4,5,11,7,0,0,0,2,0,0,1,0,0,0,0,1,3,0,0,2,2,2
Cell_0475,0,0,1,2,0,0,0,0,0,2,3,1,1,0,0,0,1,0,0,0,0,0,0,0,0,2,4,2,3,1,2
Cell_0476,0,0,0,0,0,1,1,0,2,4,5,8,9,1,1,0,2,0,0,0,0,2,0,1,2,0,1,1,3,3,2
Cell_0477,0,0,0,0,0,0,5,0,2,12,4,9,7,0,1,0,2,0,0,0,0,0,0,3,3,1,2,0,1,2,3
Cell_0478,0,0,1,0,0,0,1,0,1,4,6,5,9,1,0,0,0,0,0,0,0,0,0,0,2,0,2,2,1,1,2
Cell_0479,1,0,0,0,0,0,0,1,1,8,8,7,7,0,0,0,0,0,0,0,0,0,0,2,0,0,6,4,1,2,1
Cell_0480,0,1,0,0,0,1,0,0,0,6,9,11,7,1,0,0,0,0,0,0,0,1,0,4,2,0,1,1,0,1,3
Cell_0481,0,0,0,1,0,0,0,1,2,9,8,8,5,1,0,0,0,0,0,1,0,0,0,0,0,0,2,0,5,2,3
Cell_0482,0,0,0,0,0,0,2,0,1,2,10,9,3,1,0,0,1,0,0,0,0,0,1,0,0,0,1,0,2,0,3
Cell_0483,0,0,0,0,0,0,1,0,0,4,4,9,6,0,1,0,0,0,0,0,0,0,0,0,1,0,2,0,2,2,2
Cell_0484,0,0,0,0,0,0,2,3,0,3,5,6,7,0,0,0,1,0,0,0,1,0,0,1,0,0,3,1,1,0,0
Cell_0485,0,0,0,0,1,0,2,0,0,9,6,5,5,1,0,0,2,0,0,0,0,0,0,0,0,0,0,2,1,0,1
Cell_0486,0,0,0,0,0,0,0,1,1,8,4,7,6,1,0,0,1,0,0,0,0,1,1,0,0,1,1,2,4,0,0
Cell_0487,0,0,0,0,0,0,1,0,5,7,12,12,9,1,1,1,1,0,0,0,0,3,0,2,0,4,3,2,1,3,8
Cell_0488,0,1,0,0,0,0,2,2,2,5,8,4,10,1,0,0,1,0,0,0,0,0,1,1,0,0,3,4,3,1,1
Cell_0489,0,0,0,0,0,0,1,1,1,4,5,6,4,0,0,0,2,0,0,1,2,0,0,0,0,0,2,2,1,1,0
Cell_0490,0,0,0,0,0,0,1,1,2,10,5,6,4,1,0,0,1,0,1,0,1,0,2,3,0,0,3,1,1,2,2
Cell_0491,0,0,0,1,1,2,2,0,3,11,12,15,12,1,1,0,0,0,0,1,1,0,0,2,1,1,2,7,1,4,2
Cell_0492,0,0,0,0,0,0,0,1,1,5,3,3,5,0,1,1,0,0,0,0,0,0,0,0,1,0,0,0,3,0,1
Cell_0493,0,0,1,1,0,0,0,1,0,9,7,9,8,1,1,0,2,0,0,0,0,0,0,1,3,0,2,6,3,1,3
Cell_0494,0,0,0,0,0,0,0,0,2,10,8,11,3,0,0,0,1,0,0,0,0,1,0,0,0,1,3,2,1,1,5
Cell_0495,0,0,0,0,0,0,4,2,1,11,7,3,5,2,0,0,1,0,0,0,0,0,0,1,1,0,3,6,1,3,2
Cell_0496,0,0,0,0,0,0,0,0,1,6,5,3,2,0,0,0,0,0,0,1,0,0,0,0,0,2,1,2,1,2,0
Cell_0497,0,0,0,0,1,0,1,0,1,8,10,4,1,0,0,0,1,0,0,0,0,0,0,1,3,0,1,5,3,0,1
Cell_0498,0,0,0,0,0,0,0,0,1,4,8,3,7,0,0,0,1,0,0,0,0,0,1,0,1,1,0,4,0,2,1
Cell_0499,0,0,0,0,0,0,1,0,0,5,3,7,4,0,0,0,0,0,0,1,0,0,1,1,0,2,2,1,1,0,1
Cell_0500,0,0,0,0,0,0,1,0,0,9,2,2,2,1,0,0,0,0,0,0,0,0,0,2,0,3,1,2,1,1,2
Cell_0501,0,0,0,0,0,0,0,1,1,8,11,9,4,0,0,0,0,0,0,0,1,0,0,1,0,0,0,1,0,1,1
Cell_0502,0,0,0,0,0,0,1,0,0,10,9,10,8,0,0,1,3,0,0,0,0,0,1,1,0,0,3,2,6,2,4
Cell_0503,0,0,0,0,0,0,1,1,2,14,4,10,7,1,0,0,0,0,0,0,1,0,1,3,2,0,2,2,1,0,0
Cell_0504,2,1,0,0,0,1,2,1,2,9,8,4,12,0,2,0,1,0,1,0,1,0,3,2,1,0,2,1,1,4,2
Cell_0505,0,2,0,0,0,0,3,0,2,6,12,10,10,1,2,0,1,0,0,1,1,0,1,2,0,0,2,12,2,1,4
Cell_0506,0,0,0,0,0,0,2,0,5,4,4,7,4,1,0,0,1,0,0,0,0,0,1,1,0,3,1,0,0,0,3
Cell_0507,0,0,0,0,0,0,1,0,1,3,3,4,3,0,0,0,0,0,0,0,0,0,0,0,0,0,0,1,2,1,1
Cell_0508,1,0,0,0,0,0,0,0,2,3,3,4,4,0,1,0,2,0,0,0,0,0,0,0,0,0,4,2,1,2,1
Cell_0509,0,0,1,0,0,0,0,2,1,4,3,5,6,0,0,1,1,0,0,0,0,1,0,0,0,0,1,2,2,2,0
Cell_0510,0,0,0,0,0,0,1,0,0,4,5,4,8,1,0,1,2,0,0,0,0,0,1,2,1,0,0,2,1,0,1
Cell_0511,0,0,0,0,0,0,1,0,3,4,7,3,4,0,0,0,1,0,0,0,0,0,0,0,0,1,0,1,1,1,0
Cell_0512,0,0,1,0,0,1,0,1,2,13,5,7,7,0,1,0,0,0,0,0,1,1,0,1,1,0,2,2,2,2,1
Cell_0513,0,0,0,1,0,0,0,0,2,9,6,10,8,1,1,0,1,0,0,0,0,0,0,0,2,0,3,1,0,3,0
Cell_0514,0,0,0,0,0,0,1,1,3,5,4,7,5,1,0,0,1,0,0,0,0,1,0,2,1,2,3,3,0,3,4
Cell_0515,0,0,0,0,0,0,1,0,1,9,8,10,6,0,0,0,1,0,0,0,2,0,2,0,1,0,2,2,0,3,4
Cell_0516,0,0,1,0,0,1,0,1,1,4,6,7,6,0,0,0,2,0,0,0,0,0,0,0,1,1,2,4,0,2,4
Cell_0517,0,0,0,0,0,0,1,0,1,7,7,3,2,0,0,0,1,0,0,0,0,0,0,0,0,1,0,4,1,0,0
Cell_0518,0,0,0,0,0,0,3,1,2,11,8,6,5,0,0,0,1,1,0,1,0,0,0,1,2,0,1,2,1,1,6
Cell_0519,0,0,1,1,0,0,2,1,4,6,12,3,10,0,1,0,0,0,1,0,0,0,1,1,0,0,2,5,4,2,3
Cell_0520,0,1,1,0,0,2,0,1,0,0,4,6,4,9,5,5,0,0,1,0,2,1,0,0,0,0,2,3,2,2,3
Cell_0521,0,1,0,0,0,2,0,0,0,0,5,2,1,6,2,5,0,0,0,0,0,1,0,0,0,0,4,1,1,2,1
Cell_0522,0,0,0,0,0,0,0,0,0,0,3,5,0,2,5,4,0,0,1,0,0,0,0,0,0,0,1,2,1,0,1
Cell_0523,0,0,0,0,0,0,0,1,0,0,5,2,0,1,7,2,0,0,0,0,0,0,0,0,0,0,0,1,2,2,1
Cell_0524,0,1,0,0,0,2,0,1,1,0,11,6,3,10,10,9,0,0,2,1,0,0,1,0,2,0,1,3,2,5,1
Cell_0525,0,1,0,0,0,1,0,0,0,2,4,6,1,6,3,4,0,0,0,0,0,2,1,0,0,0,4,3,6,1,0
Cell_0526,0,1,3,1,0,1,0,0,1,1,8,5,3,11,12,10,1,1,2,0,2,1,0,0,1,0,2,3,0,3,1
Cell_0527,0,0,0,0,0,0,0,1,0,2,9,3,4,2,4,4,0,0,0,0,1,0,0,2,0,0,1,3,1,6,0
Cell_0528,0,0,1,0,0,0,0,1,0,0,6,8,3,6,2,6,1,0,1,1,0,0,0,0,0,0,2,4,2,1,1
Cell_0529,0,1,0,0,0,2,0,0,0,0,6,2,2,8,6,5,0,0,0,0,0,0,0,0,0,1,3,3,1,2,0
Cell_0530,0,0,0,1,0,0,0,1,0,1,9,9,2,10,7,4,0,0,2,0,0,0,0,0,0,0,3,1,4,2,1
Cell_0531,0,0,0,0,0,0,1,0,0,1,4,7,2,5,4,8,1,0,0,1,0,0,0,0,0,0,1,1,2,2,3
Cell_0532,0,0,0,0,1,1,0,1,0,0,4,3,0,9,2,10,0,0,1,0,0,0,1,0,0,0,4,4,1,1,0
Cell_0533,0,0,0,0,0,0,0,1,0,1,7,4,3,7,5,8,1,0,2,0,0,1,0,1,1,0,2,3,0,0,2
Cell_0534,0,0,0,0,0,1,1,0,0,3,14,8,3,9,9,9,0,1,1,0,1,0,1,0,1,0,6,3,4,1,4
Cell_0535,0,1,0,0,0,1,1,0,0,0,5,4,1,6,4,4,1,0,0,1,1,0,0,0,0,0,0,2,3,6,1
Cell_0536,0,1,0,0,0,0,0,0,0,0,5,4,3,3,6,3,1,0,1,0,0,0,0,0,0,0,2,1,1,1,2
Cell_0537,0,1,1,0,0,0,1,0,0,0,9,4,3,4,5,5,0,0,0,1,0,0,0,0,0,0,0,2,1,1,0
Cell_0538,0,0,0,0,0,0,0,0,0,0,12,3,1,3,5,9,0,0,3,0,1,0,0,0,0,0,5,2,0,1,1
Cell_0539,0,0,0,0,0,3,0,4,0,0,1,2,0,4,0,6,0,1,0,0,1,0,0,0,1,0,1,0,1,3,1
Cell_0540,0,0,0,0,0,0,0,0,0,0,5,6,1,1,13,3,0,0,2,0,1,0,1,1,0,0,3,4,2,3,1
Cell_0541,0,1,1,0,0,1,1,0,0,1,4,4,0,9,4,3,0,0,0,0,1,0,0,0,1,0,2,3,5,1,5
Cell_0542,0,0,1,0,0,0,0,1,0,2,9,5,1,2,10,12,0,0,0,0,1,0,0,0,0,0,1,4,3,4,1
Cell_0543,0,0,2,0,0,1,1,0,0,0,7,7,0,4,2,7,0,0,0,0,0,0,0,0,0,0,2,2,2,4,4
Cell_0544,0,0,0,0,0,0,0,0,0,0,2,5,1,8,1,2,0,1,0,0,0,0,0,0,0,0,0,3,0,4,2
Cell_0545,0,0,0,0,0,1,1,1,0,1,5,3,0,4,3,4,0,0,0,0,1,0,0,1,0,0,1,1,0,1,0
Cell_0546,0,0,0,0,1,0,0,1,1,1,6,8,1,6,11,10,2,0,0,0,1,0,0,0,1,0,1,4,2,3,0
Cell_0547,0,1,2,0,0,2,1,0,0,0,6,6,3,3,5,3,1,0,0,1,0,0,1,1,1,0,1,1,2,1,2
Cell_0548,0,0,0,0,0,1,1,0,0,0,5,8,6,5,8,6,0,0,0,0,0,0,0,0,0,0,0,1,1,3,1
Cell_0549,0,0,1,0,0,0,0,0,0,0,5,2,2,2,9,4,0,0,0,0,0,1,0,1,2,0,2,1,0,1,1
Cell_0550,0,1,1,0,0,0,0,2,0,3,3,10,3,2,6,3,1,0,1,0,0,0,0,0,0,0,4,1,0,2,2
Cell_0551,0,0,3,0,0,1,1,1,1,2,8,7,2,3,8,4,1,0,1,0,0,0,0,0,0,0,4,5,3,4,0
Cell_0552,0,0,0,0,0,1,0,2,0,0,4,3,1,5,5,3,0,0,0,0,2,0,0,0,0,0,1,3,2,4,2
Cell_0553,0,1,2,0,0,0,0,1,1,0,7,4,0,3,0,11,2,0,2,1,0,0,0,0,0,0,3,4,5,4,0
Cell_0554,0,0,1,0,0,0,0,0,0,1,8,8,2,11,4,6,0,0,2,0,0,0,0,0,0,0,0,4,1,6,0
Cell_0555,0,0,0,0,0,0,0,1,0,0,2,7,1,6,3,6,0,0,2,0,0,0,0,1,0,0,3,4,1,2,2
Cell_0556,0,0,0,0,0,0,0,1,1,0,1,4,1,7,8,7,1,0,0,0,1,0,0,0,0,0,0,0,1,6,1
Cell_0557,0,0,1,0,0,2,0,1,0,1,8,7,2,9,1,8,2,0,0,0,0,2,0,0,1,1,1,3,3,6,3
Cell_0558,0,0,0,1,0,1,0,0,0,1,5,3,1,6,3,10,1,1,1,0,0,0,0,0,0,0,4,3,0,2,1
Cell_0559,0,2,1,0,0,0,0,0,0,0,8,3,5,7,3,7,1,0,0,1,0,0,0,0,0,0,2,4,4,2,4
Cell_0560,0,0,0,0,0,0,0,3,0,0,6,3,3,5,7,5,1,0,0,0,1,0,0,1,0,0,1,1,4,6,2
Cell_0561,0,0,0,0,0,0,0,0,1,1,8,6,6,3,2,8,0,0,0,0,0,1,0,0,0,0,2,1,4,2,5
Cell_0562,0,0,0,0,0,2,0,2,0,0,6,1,1,4,4,3,0,1,0,0,0,0,0,1,0,0,2,2,3,3,0
Cell_0563,0,1,1,0,0,1,0,0,1,2,14,4,4,9,8,7,0,0,1,0,2,0,2,0,0,0,3,4,1,4,1
Cell_0564,0,0,0,1,0,0,0,0,0,0,4,6,2,5,3,5,1,0,2,0,0,0,0,1,0,0,2,3,3,6,2
Cell_0565,0,0,1,1,0,1,1,0,0,1,6,7,0,5,7,8,0,0,2,0,1,1,0,0,0,0,3,1,3,2,2
Cell_0566,0,0,1,1,0,0,0,1,1,2,6,6,3,7,1,8,0,0,1,0,0,0,0,0,0,0,1,3,0,2,4
Cell_0567,0,1,0,1,0,2,0,2,0,2,10,10,3,6,8,13,2,0,2,0,1,0,0,0,0,0,6,10,3,3,1
Cell_0568,0,1,0,0,0,1,0,0,0,1,5,5,3,6,1,3,0,0,0,0,0,0,0,0,1,0,5,1,5,1,0
Cell_0569,0,0,1,0,0,2,0,1,0,1,14,8,3,9,9,12,0,1,3,0,1,0,2,0,1,0,5,6,3,7,1
Cell_0570,0,0,0,0,0,0,0,0,0,0,7,4,0,5,8,6,0,0,0,0,0,0,0,0,0,0,1,2,1,5,2
Cell_0571,1,0,0,1,0,0,0,1,0,1,5,4,4,9,6,7,1,0,1,0,1,0,1,1,1,0,5,3,2,2,1
Cell_0572,0,0,0,0,0,2,1,3,0,0,7,5,3,7,6,5,0,0,0,0,0,0,0,0,0,0,3,3,0,4,0
Cell_0573,0,0,0,0,0,0,0,1,0,0,5,4,2,3,0,6,0,0,0,1,0,1,0,0,0,0,1,2,2,0,0
Cell_0574,0,0,0,1,0,1,1,1,0,3,7,7,3,8,4,10,2,0,1,0,0,0,0,0,1,0,5,3,1,0,4
Cell_0575,0,1,0,0,0,0,0,3,1,2,5,6,2,8,8,8,0,0,2,0,0,0,1,0,0,0,5,2,0,6,1
Cell_0576,0,0,0,0,0,0,0,0,0,0,6,8,3,10,5,14,2,0,0,0,0,1,0,0,0,0,3,2,1,2,1
Cell_0577,0,0,0,1,0,1,0,1,0,0,8,4,0,9,6,5,0,0,1,0,0,0,0,0,0,0,2,2,3,3,1
Cell_0578,0,0,0,0,0,2,1,1,0,2,5,12,1,4,5,4,0,0,1,1,0,0,0,0,0,0,2,3,2,4,1
Cell_0579,0,1,0,0,0,1,0,1,0,1,14,5,2,3,5,8,1,0,0,0,0,0,0,1,0,0,1,2,1,4,0
Cell_0580,0,1,1,0,0,1,0,0,0,0,4,4,2,6,5,2,0,0,0,1,1,0,1,1,0,0,2,1,2,4,1
Cell_0581,0,0,0,0,0,1,0,0,0,2,11,6,4,8,12,11,1,0,0,1,1,0,0,0,1,0,5,4,4,4,1
Cell_0582,0,0,0,0,0,0,0,0,0,1,6,4,4,6,8,3,0,0,0,0,0,0,0,0,0,0,0,2,0,3,0
Cell_0583,0,0,0,0,0,1,0,0,0,2,9,1,1,4,4,5,0,0,1,1,2,0,1,0,0,0,1,3,3,0,2
Cell_0584,0,1,0,1,0,1,1,1,0,1,7,8,5,5,14,7,0,1,3,0,0,0,0,0,1,0,1,2,2,1,4
Cell_0585,0,0,1,0,0,2,0,0,0,0,3,3,2,1,3,5,0,0,1,0,0,0,1,0,0,0,5,2,3,3,0
Cell_0586,0,0,1,0,0,0,1,1,1,1,7,5,1,6,11,12,0,0,1,0,2,0,0,0,0,0,3,0,2,3,2
Cell_0587,0,0,0,0,0,1,0,1,0,1,4,5,0,6,2,6,0,0,0,0,0,0,0,0,0,0,4,1,2,4,1
Cell_0588,0,1,1,0,0,3,0,0,0,1,10,15,1,17,8,12,0,0,2,0,1,1,0,0,0,0,3,3,2,5,1
Cell_0589,0,0,0,0,0,0,0,1,0,0,7,5,2,6,4,9,1,0,2,0,0,0,0,0,1,0,1,2,1,0,4
Cell_0590,0,0,1,0,0,3,0,1,0,1,5,7,1,5,5,1,0,0,1,0,0,0,0,0,1,0,1,3,3,5,1
Cell_0591,0,0,0,0,0,2,1,2,0,1,5,7,0,8,3,4,0,1,1,0,0,0,0,0,0,0,2,2,0,1,2
Cell_0592,0,0,0,0,0,0,1,1,0,1,9,2,2,4,11,9,0,0,0,0,0,0,0,0,0,0,5,1,4,1,3
Cell_0593,0,0,0,0,0,1,0,2,0,0,8,12,2,11,9,12,0,0,1,0,3,0,0,0,0,0,5,4,3,4,2
Cell_0594,0,1,0,0,0,2,0,2,0,1,3,16,2,4,9,8,2,0,2,0,0,0,0,0,0,0,8,2,1,2,1
Cell_0595,0,1,1,0,0,1,0,1,0,0,3,9,1,3,7,3,0,0,0,0,0,0,1,1,0,0,2,2,4,1,2
Cell_0596,0,0,0,0,0,0,1,1,1,1,3,7,1,7,2,3,0,0,1,0,0,0,0,0,0,0,1,1,1,2,2
Cell_0597,0,0,0,0,0,4,0,1,0,1,6,4,1,8,5,4,0,0,0,0,0,0,0,0,0,0,3,3,4,4,2
Cell_0598,0,1,0,0,0,1,0,0,1,1,3,7,2,3,10,7,1,0,0,0,0,1,0,1,0,0,3,4,3,1,2
Cell_0599,0,0,0,0,0,0,0,0,0,0,5,3,1,7,6,3,3,0,0,0,1,2,0,1,1,0,1,1,2,3,3
Cell_0600,0,0,0,0,0,2,0,0,0,0,5,3,1,8,2,2,2,0,1,0,1,0,1,0,0,0,2,0,1,5,1
Cell_0601,0,0,0,0,0,0,0,0,0,0,3,3,1,1,3,5,0,0,1,0,0,0,0,0,1,0,1,4,0,3,1
Cell_0602,0,0,0,0,1,1,0,0,0,1,10,5,0,0,6,9,0,1,1,0,0,0,0,0,0,0,0,2,1,1,1
Cell_0603,0,0,0,0,0,1,0,0,0,2,6,3,0,4,6,8,0,0,0,1,0,0,1,1,0,0,1,3,2,1,3
Cell_0604,0,0,1,0,0,0,0,1,0,1,4,5,1,5,5,4,0,0,0,0,0,0,0,0,0,0,1,2,1,5,4
Cell_0605,0,0,1,0,0,0,1,0,0,0,5,3,0,3,3,5,1,0,2,0,0,0,0,0,0,0,0,0,1,2,1
Cell_0606,0,3,0,1,0,1,0,1,0,1,12,8,3,7,13,8,2,0,0,0,0,1,0,0,0,0,4,4,3,6,8
Cell_0607,0,0,0,0,0,4,0,1,1,3,7,13,4,7,10,9,0,0,3,0,0,0,2,1,0,0,3,8,3,8,1
Cell_0608,0,0,1,0,0,0,0,0,0,0,0,6,1,2,6,4,0,0,1,0,0,0,0,0,0,0,0,1,1,0,1
Cell_0609,0,0,0,0,0,1,0,2,1,0,10,6,4,4,6,9,1,0,0,0,0,0,1,0,0,0,1,3,1,2,2
Cell_0610,0,0,0,0,0,0,1,0,0,0,0,0,0,0,1,0,7,4,7,3,5,0,0,1,0,0,4,5,5,5,1
Cell_0611,0,0,1,0,0,0,0,0,0,0,0,1,0,0,0,0,3,6,7,4,4,0,1,0,0,0,4,5,6,2,3
Cell_0612,2,0,0,1,0,0,2,0,0,0,0,1,0,1,0,0,5,2,6,3,5,1,0,0,0,0,3,0,4,3,0
Cell_0613,2,1,1,1,0,1,2,1,0,0,1,2,0,2,0,0,8,6,13,7,15,0,2,1,0,0,4,4,3,3,2
Cell_0614,3,0,2,2,1,0,0,1,0,0,0,1,0,1,0,0,3,5,8,4,8,0,1,0,3,0,0,5,0,5,3
Cell_0615,3,0,0,1,0,0,0,0,0,0,1,3,0,0,2,0,11,8,10,12,11,0,0,1,0,2,4,4,2,1,2
Cell_0616,0,0,0,0,0,0,0,0,1,0,0,1,0,1,0,0,8,5,4,6,3,0,0,0,1,0,1,3,1,2,0
Cell_0617,0,0,0,2,0,0,0,0,0,0,0,0,0,0,1,0,5,7,2,11,6,1,0,0,0,1,2,4,3,3,1
Cell_0618,1,0,1,2,0,0,1,1,0,0,1,1,0,0,0,0,11,5,2,6,12,3,1,0,1,0,1,4,2,3,4
Cell_0619,0,0,0,0,0,0,0,0,0,0,0,2,0,1,0,0,4,8,4,4,1,0,0,0,0,2,5,0,3,4,3
Cell_0620,2,0,0,2,0,0,0,0,0,0,0,1,0,0,0,0,4,4,2,7,3,0,0,0,0,0,0,0,3,0,0
Cell_0621,3,0,0,2,0,0,0,0,0,0,0,1,0,0,0,0,9,7,10,13,7,1,3,0,1,0,0,10,7,0,1
Cell_0622,1,0,0,2,0,0,0,1,0,0,0,0,0,0,0,0,0,4,8,3,3,0,0,0,0,0,1,0,3,2,0
Cell_0623,1,0,2,1,0,0,0,2,0,0,0,0,0,0,0,0,8,6,6,8,7,2,0,1,1,2,0,2,3,3,1
Cell_0624,0,0,1,2,0,0,1,0,0,0,0,0,0,0,0,0,6,3,10,7,9,4,1,0,1,0,1,3,2,2,1
Cell_0625,3,0,0,0,0,0,0,1,0,0,1,2,0,1,0,0,15,12,9,6,7,0,0,0,1,0,3,1,5,3,5
Cell_0626,1,0,1,1,0,0,3,2,0,0,0,1,0,0,0,0,11,17,6,13,10,1,1,0,1,2,3,2,6,6,3
Cell_0627,0,0,0,1,0,0,0,0,0,0,1,0,0,0,0,0,6,2,5,1,3,1,0,0,0,0,0,2,0,3,2
Cell_0628,0,0,1,2,0,0,0,1,1,0,0,2,0,1,0,1,14,7,11,3,4,1,0,0,1,2,1,3,2,1,0
Cell_0629,0,0,2,4,0,0,1,1,0,0,1,0,0,1,0,0,6,9,6,12,4,2,0,0,0,0,4,5,3,0,1
Cell_0630,1,0,0,0,0,1,0,0,0,0,0,2,0,0,0,0,11,5,4,4,3,0,0,1,1,1,1,0,2,0,1
Cell_0631,0,1,0,1,0,0,0,0,0,1,1,0,0,1,1,0,1,6,2,6,8,0,0,1,2,0,5,3,1,2,2
Cell_0632,3,0,0,2,0,0,1,0,0,0,1,1,1,0,0,0,6,1,11,4,8,2,0,1,3,1,3,6,5,2,4
Cell_0633,1,0,0,0,0,0,0,1,1,0,0,0,0,0,0,0,5,7,5,2,3,0,0,0,0,0,0,1,2,1,2
Cell_0634,0,0,0,0,0,0,0,0,1,0,1,0,0,0,0,0,8,6,8,4,6,0,0,0,0,2,2,5,3,3,1
Cell_0635,1,1,0,1,0,0,1,0,0,0,0,2,0,0,0,0,4,7,4,7,7,0,1,0,0,1,2,2,1,4,3
Cell_0636,1,0,0,0,0,0,0,0,1,0,0,1,0,0,0,0,7,5,8,4,4,1,0,1,0,0,2,4,2,2,1
Cell_0637,2,0,0,0,0,0,2,0,0,2,0,2,0,0,0,0,9,7,11,8,9,0,1,0,2,1,2,7,3,1,2
Cell_0638,0,0,1,1,0,0,0,0,0,1,0,2,0,0,0,0,7,1,5,6,1,0,0,0,0,1,1,2,4,1,2
Cell_0639,0,0,0,1,0,0,0,1,0,0,0,0,0,0,0,0,4,2,5,3,6,0,0,0,0,0,4,0,2,4,1
Cell_0640,0,0,0,1,0,0,3,0,0,1,1,1,0,0,0,0,7,10,8,12,5,0,0,0,0,0,5,6,4,2,2
Cell_0641,0,0,0,1,0,0,1,1,0,1,1,1,0,0,0,0,7,5,6,5,5,0,2,0,0,1,5,3,2,0,1
Cell_0642,1,0,1,1,0,0,0,0,1,0,0,0,0,0,0,1,6,11,7,6,6,0,0,0,1,0,2,1,3,1,2
Cell_0643,1,1,0,0,0,0,0,0,0,0,0,0,0,1,1,0,4,4,3,2,7,0,1,0,0,0,0,2,5,0,2
Cell_0644,3,0,0,0,0,0,1,0,0,0,1,2,0,0,0,0,6,6,6,7,10,0,2,0,1,0,3,2,2,3,0
Cell_0645,5,0,0,0,0,0,0,0,0,0,2,0,0,0,0,0,6,6,6,10,8,1,1,0,1,0,4,3,2,7,1
Cell_0646,1,0,0,0,0,0,0,2,0,0,1,1,0,0,0,0,5,3,4,4,5,0,1,0,1,0,0,3,1,2,1
Cell_0647,2,0,1,1,0,0,1,1,0,1,0,0,1,1,0,0,10,7,6,5,8,1,1,1,0,0,1,4,1,3,0
Cell_0648,3,0,0,2,0,0,0,0,0,0,1,0,0,0,1,0,6,8,3,4,4,0,0,0,0,0,2,0,2,1,2
Cell_0649,1,0,1,3,0,0,1,1,0,1,1,0,0,0,0,0,10,12,10,11,7,1,0,0,0,1,2,1,2,1,3
Cell_0650,1,0,0,3,0,0,0,0,0,1,0,1,0,0,0,0,4,6,5,2,4,1,1,0,0,0,1,1,2,3,1
Cell_0651,2,0,0,0,0,0,1,0,0,0,0,0,0,0,0,0,6,4,7,7,3,0,1,1,0,0,4,3,3,2,0
Cell_0652,1,2,1,0,0,0,0,2,0,1,0,2,0,1,1,0,10,8,6,5,2,1,0,2,0,0,0,3,5,1,2
Cell_0653,5,0,0,1,0,0,1,1,0,0,0,1,0,0,0,0,3,8,9,13,13,1,3,1,0,1,2,1,3,4,1
Cell_0654,1,0,1,1,0,0,1,0,0,0,0,1,0,0,0,0,11,9,3,2,7,1,0,0,1,1,1,1,3,1,4
Cell_0655,3,2,0,2,0,0,1,0,0,0,0,1,0,0,0,0,8,6,5,8,11,0,1,0,0,1,4,2,2,3,1
Cell_0656,1,0,0,1,0,0,0,0,1,0,0,3,0,1,0,0,5,4,5,3,6,0,0,1,0,0,3,2,3,2,1
Cell_0657,1,0,0,0,0,0,0,0,0,1,0,1,0,1,0,0,6,3,4,5,0,0,0,1,2,0,1,0,1,2,1
Cell_0658,1,0,1,3,0,0,0,0,0,0,1,0,0,0,0,0,3,2,1,4,4,0,0,1,0,0,1,3,1,2,1
Cell_0659,3,0,0,1,0,0,0,0,0,0,0,1,0,0,0,0,3,2,7,1,7,0,0,0,1,0,0,1,2,2,0
Cell_0660,2,0,0,0,0,0,0,1,0,0,0,1,0,0,0,0,5,2,2,1,5,0,0,0,0,0,0,2,0,3,2
Cell_0661,1,0,0,1,0,0,0,0,0,0,0,1,0,0,1,0,7,8,2,4,3,0,0,0,1,1,1,2,1,2,1
Cell_0662,1,0,0,2,0,0,2,1,0,0,0,0,0,1,0,0,1,9,8,12,8,3,0,1,2,1,3,3,2,1,1
Cell_0663,0,0,0,1,0,0,0,0,0,0,0,1,0,1,0,0,1,8,6,2,5,1,0,0,0,0,0,2,2,2,1
Cell_0664,3,0,0,1,0,1,2,0,0,0,2,0,0,0,0,0,4,6,5,4,2,0,0,1,0,2,2,2,4,2,0
Cell_0665,2,0,0,3,0,0,0,1,0,0,1,1,1,0,1,0,13,7,8,8,9,0,0,0,0,0,2,4,1,4,1
Cell_0666,1,0,1,0,0,0,0,0,1,0,0,1,1,0,0,0,10,8,6,10,5,2,2,0,1,1,1,2,3,4,4
Cell_0667,1,0,0,2,0,0,0,1,0,0,1,0,0,0,0,0,4,3,5,2,7,1,0,0,0,0,4,1,3,2,0
Cell_0668,1,0,0,0,0,0,0,0,0,0,0,3,0,0,0,0,3,6,6,7,3,0,1,0,1,0,2,3,1,0,0
Cell_0669,0,0,0,0,0,0,0,0,0,0,1,2,0,0,0,0,3,2,8,6,8,0,1,1,0,1,2,4,2,3,1
Cell_0670,2,0,0,1,0,0,0,0,0,0,1,0,0,1,1,0,6,4,2,5,4,3,0,0,0,0,2,1,5,1,2
Cell_0671,2,0,0,3,0,0,0,0,0,1,0,2,1,0,0,0,11,5,13,7,8,0,0,1,0,1,3,1,1,3,2
Cell_0672,0,0,1,2,0,0,0,0,0,0,0,0,0,0,0,1,7,14,12,7,11,1,0,1,0,0,4,3,3,2,0
Cell_0673,1,0,2,0,0,1,0,0,0,0,0,1,0,0,0,0,9,3,4,8,3,0,1,0,0,0,0,3,3,1,0
Cell_0674,0,0,0,1,0,0,1,2,0,0,0,0,0,1,0,0,4,4,3,5,3,0,3,0,2,1,4,4,2,2,2
Cell_0675,1,0,0,1,0,0,1,0,0,0,0,0,0,0,0,0,2,4,1,3,1,0,1,0,1,1,1,4,4,1,1
Cell_0676,0,0,0,2,0,0,0,0,0,0,1,1,0,0,1,0,6,5,3,5,4,2,0,0,0,0,0,3,2,1,3
Cell_0677,0,0,1,2,0,0,1,1,0,0,1,1,0,0,0,0,4,10,3,3,11,1,1,0,0,0,3,3,4,1,2
Cell_0678,0,0,1,1,0,0,0,0,0,0,0,0,0,1,0,0,10,6,4,5,0,0,1,0,0,0,1,1,3,1,1
Cell_0679,1,0,0,1,1,0,1,1,0,0,0,1,1,0,0,0,8,9,1,8,4,1,1,0,2,2,2,0,0,1,0
Cell_0680,4,0,0,1,0,0,0,0,0,0,2,1,1,0,1,0,6,12,5,3,8,1,0,0,0,0,0,6,7,2,4
Cell_0681,1,1,1,2,0,0,0,0,0,0,0,1,0,0,0,0,3,6,8,6,10,1,0,0,1,0,4,5,3,4,4
Cell_0682,0,0,0,0,0,0,1,0,0,0,0,1,1,1,0,0,6,5,4,5,5,1,0,3,0,0,1,1,2,0,1
Cell_0683,1,0,0,0,0,0,0,0,0,0,0,1,0,0,0,0,5,6,3,3,6,0,1,0,0,0,1,4,1,1,0
Cell_0684,1,0,0,0,0,0,0,0,0,0,0,0,0,0,1,0,6,2,4,5,4,0,0,0,1,0,0,1,0,1,2
Cell_0685,0,0,0,0,0,0,0,0,0,0,1,0,0,1,0,0,5,5,5,5,3,0,1,0,1,0,1,1,1,0,3
Cell_0686,0,0,0,3,0,0,1,0,0,0,0,0,0,1,0,0,4,8,5,5,8,0,0,0,0,1,4,6,2,1,3
Cell_0687,1,0,1,0,0,0,0,1,0,0,0,0,0,0,0,0,8,7,6,7,10,3,1,0,0,0,2,3,6,1,0
Cell_0688,1,0,2,1,0,0,0,0,0,0,0,1,0,1,0,0,10,8,4,4,2,0,0,2,0,0,1,2,10,3,2
Cell_0689,1,0,1,1,0,0,0,1,0,0,1,1,0,0,0,0,7,4,3,5,4,2,1,0,0,0,2,0,2,1,2
Cell_0690,1,0,1,0,0,0,1,1,1,1,0,0,0,0,0,0,7,7,9,7,6,0,0,2,0,1,3,5,2,1,2
Cell_0691,2,0,0,0,0,1,0,0,0,0,0,0,1,1,1,0,9,8,10,5,3,0,0,0,0,0,2,1,4,2,2
Cell_0692,1,0,0,0,0,0,0,0,0,0,2,0,0,2,1,0,7,3,4,7,7,0,0,0,0,0,1,2,1,1,0
Cell_0693,1,1,1,1,0,0,0,0,0,0,0,0,0,0,0,0,4,2,5,6,4,1,0,0,0,0,1,2,3,1,2
Cell_0694,2,0,0,3,0,0,0,0,0,1,0,2,0,2,0,0,10,9,11,8,11,0,0,0,0,1,0,3,7,1,6
Cell_0695,2,0,0,0,0,0,0,0,0,0,0,2,2,1,0,0,5,5,6,2,5,1,0,0,0,0,1,3,2,2,1
Cell_0696,0,1,0,0,0,0,0,0,0,0,0,0,1,1,0,1,6,2,3,5,6,0,1,1,1,0,1,0,1,2,1
Cell_0697,3,0,0,2,0,0,0,0,0,0,0,2,0,1,0,0,8,9,8,1,8,0,2,1,1,0,4,1,3,1,2
Cell_0698,0,0,0,0,0,0,0,0,0,0,0,0,0,0,0,1,4,7,3,3,3,1,0,0,0,1,1,0,1,0,1
Cell_0699,1,0,0,0,0,1,0,0,0,0,0,1,0,0,0,0,7,8,2,8,2,1,0,1,0,0,0,2,3,2,2
Cell_0700,2,0,0,0,0,0,1,0,0,1,0,0,0,1,0,0,8,8,5,9,7,0,2,0,0,1,3,2,3,4,2
Cell_0701,0,0,0,1,0,0,1,0,0,1,0,2,0,0,0,0,3,4,2,2,1,0,2,0,0,0,3,0,1,1,0
Cell_0702,2,0,1,2,0,0,2,0,0,0,1,2,0,1,0,0,12,17,13,11,8,2,1,2,0,0,3,3,5,2,2
Cell_0703,2,0,0,0,0,0,0,1,0,2,1,1,1,0,0,0,6,3,7,8,5,1,0,2,1,0,1,1,2,2,2
Cell_0704,2,0,0,0,0,0,1,0,0,0,1,1,0,0,0,0,7,1,4,7,6,1,0,0,0,0,0,6,0,3,1
Cell_0705,1,0,0,1,0,0,0,0,0,0,0,1,0,0,0,0,2,7,9,2,4,0,1,0,1,2,2,1,3,2,1
Cell_0706,0,0,0,3,0,0,0,0,1,0,0,0,0,0,0,0,4,6,7,5,3,0,0,0,0,0,2,2,0,1,1
Cell_0707,0,0,0,1,0,0,1,3,0,1,0,1,0,0,0,0,9,8,2,7,5,0,1,0,0,0,3,3,1,2,2
Cell_0708,0,0,1,1,0,0,0,0,0,0,0,1,0,0,0,0,5,7,8,7,2,0,0,1,2,0,1,1,5,2,2
Cell_0709,2,1,0,1,0,0,1,1,0,0,0,1,0,0,0,0,7,9,3,6,3,1,1,0,1,0,3,3,2,3,0
Cell_0710,1,0,0,0,0,0,0,1,0,0,0,0,0,0,0,1,3,4,4,5,3,2,0,0,1,0,1,4,4,3,0
Cell_0711,0,1,0,2,1,0,0,1,0,0,0,0,0,0,0,0,8,6,6,6,9,0,1,1,1,0,3,4,0,1,0
Cell_0712,1,0,1,0,0,0,1,0,0,0,0,0,0,0,0,0,3,3,2,1,6,0,0,0,0,0,2,2,2,1,4
Cell_0713,2,0,0,0,0,0,0,0,0,0,1,0,0,0,1,0,3,6,7,1,7,1,0,0,0,0,2,2,3,1,1
Cell_0714,2,2,0,0,0,0,0,0,0,1,0,0,0,0,0,0,3,7,3,4,2,0,1,0,0,0,2,2,2,1,0
Cell_0715,1,0,0,3,0,0,0,0,0,0,1,2,0,0,0,0,8,6,3,6,2,0,0,1,2,0,2,4,5,6,2
Cell_0716,1,0,1,1,0,0,1,1,0,0,0,2,0,0,0,0,3,2,4,5,2,0,0,0,0,0,1,2,2,1,2
Cell_0717,1,0,0,0,0,0,0,0,0,2,1,1,1,2,1,1,4,7,13,9,6,0,1,1,0,0,3,3,3,6,3
Cell_0718,1,0,0,0,0,0,0,0,1,1,1,1,1,0,0,0,3,10,6,4,7,1,0,0,0,0,2,0,1,4,2
Cell_0719,0,0,0,1,0,0,1,0,0,0,0,2,0,2,0,1,7,4,4,1,6,0,1,0,1,0,1,3,3,3,0
Cell_0720,2,1,1,1,0,0,0,0,0,0,0,0,1,0,0,0,9,6,9,9,4,0,1,1,1,1,1,6,2,2,0
Cell_0721,1,0,1,0,0,0,2,1,0,0,0,0,0,1,0,0,5,8,4,9,5,0,1,0,0,0,2,3,0,1,2
Cell_0722,0,0,2,2,0,0,0,1,0,1,0,1,0,0,1,0,3,6,8,1,2,1,0,0,0,0,3,3,5,1,2
Cell_0723,0,0,1,0,0,0,0,0,0,0,0,3,1,0,0,0,5,2,5,6,8,0,0,0,1,0,1,1,1,0,1
Cell_0724,1,0,0,0,0,0,0,0,0,0,0,0,0,0,0,0,6,2,2,5,5,1,0,1,0,0,4,1,2,1,2
Cell_0725,2,0,0,0,0,0,0,0,0,0,1,2,0,1,0,1,5,6,7,10,6,0,2,3,1,0,1,0,2,5,4
Cell_0726,1,0,0,0,0,0,1,0,0,0,0,3,0,1,0,0,8,10,9,2,5,1,0,0,1,0,5,0,2,4,2
Cell_0727,5,0,0,0,0,0,1,1,0,0,0,1,0,0,1,0,8,6,8,5,3,2,1,0,1,1,4,3,2,2,4
Cell_0728,0,0,0,1,0,0,1,1,0,0,3,1,1,1,0,0,9,5,7,7,5,0,0,1,0,0,3,3,1,2,3
Cell_0729,1,0,0,1,0,0,0,1,0,0,0,0,0,0,1,0,5,7,8,4,9,1,0,0,0,0,0,2,4,0,1
Cell_0730,0,1,0,0,0,0,3,1,0,0,3,0,1,0,0,0,13,11,8,9,9,1,1,1,1,0,3,3,3,1,1
Cell_0731,3,0,1,1,0,0,2,0,1,0,0,2,0,0,0,0,6,5,4,9,7,1,2,0,1,1,3,2,2,3,0
Cell_0732,0,0,1,2,0,0,0,0,0,0,0,1,0,0,0,0,10,3,9,8,5,0,0,0,0,0,2,3,2,3,0
Cell_0733,1,0,0,0,0,0,0,0,0,1,0,1,0,0,0,0,5,10,6,5,7,1,0,0,0,2,1,3,6,2,4
Cell_0734,2,0,0,2,0,0,1,0,0,1,0,2,0,1,0,0,6,6,11,6,3,2,1,1,0,2,0,3,3,2,1
Cell_0735,1,0,0,0,0,0,1,0,0,0,0,1,0,0,0,0,0,3,7,6,6,0,1,1,0,0,1,0,2,0,1
Cell_0736,3,0,1,1,0,0,0,1,1,0,0,4,0,0,0,0,6,9,7,3,5,1,0,1,1,0,2,3,5,2,3
Cell_0737,2,0,1,3,0,0,0,1,0,0,1,0,0,0,0,0,5,7,0,9,7,0,0,0,0,1,3,0,2,4,2
Cell_0738,0,0,0,0,0,0,1,0,0,0,1,1,0,0,0,0,4,3,9,4,4,0,0,1,0,0,2,2,0,3,0
Cell_0739,0,0,0,2,0,0,0,1,0,1,2,0,0,1,1,0,7,6,2,13,8,0,0,1,0,1,5,2,6,1,5
Cell_0740,1,0,0,0,0,0,2,1,0,0,0,2,0,0,0,0,3,9,5,5,1,1,1,0,2,0,3,3,2,1,1
Cell_0741,1,0,1,5,0,0,0,1,0,0,1,2,0,0,0,0,9,7,8,6,4,0,0,0,0,0,2,1,6,3,2
Cell_0742,0,0,1,1,0,0,0,0,0,0,0,1,1,1,0,0,5,5,4,8,3,0,1,0,0,0,1,1,2,1,1
Cell_0743,3,0,1,3,0,0,1,1,0,0,0,1,3,0,0,0,13,4,14,11,13,0,0,0,2,0,3,4,2,1,2
Cell_0744,0,0,0,0,0,0,1,1,1,0,0,1,0,0,0,0,2,0,3,0,3,0,1,1,0,0,3,2,0,0,1
Cell_0745,1,0,1,0,0,0,0,0,0,1,0,1,0,0,0,0,4,6,3,4,11,0,2,0,0,1,2,2,5,1,2
Cell_0746,1,1,0,0,0,0,1,0,0,1,0,3,0,1,0,0,6,6,6,7,10,0,1,1,0,2,2,3,5,2,1
Cell_0747,5,0,0,1,0,0,1,0,1,0,1,0,0,0,1,0,10,9,10,9,8,2,0,0,1,0,0,5,4,3,3
Cell_0748,1,0,0,1,0,0,1,0,0,0,0,1,1,0,0,0,4,5,4,3,3,1,0,0,1,0,0,2,2,4,1
Cell_0749,1,0,2,0,0,0,1,0,0,0,1,0,0,0,0,0,8,9,6,7,8,0,1,1,0,1,2,4,3,5,2
Cell_0750,2,0,0,1,0,1,0,0,1,0,2,3,0,0,0,0,10,12,8,12,6,1,0,0,2,0,11,3,3,2,1
Cell_0751,1,1,0,2,0,0,0,2,0,0,1,1,0,0,1,0,8,7,8,7,11,0,1,1,0,1,4,5,2,3,3
Cell_0752,1,2,0,0,0,0,0,0,0,1,0,1,0,0,0,0,4,5,5,4,6,0,1,0,0,1,3,0,1,2,0
Cell_0753,0,0,1,1,0,0,0,0,0,0,1,2,0,0,0,0,6,3,7,1,2,1,0,2,1,0,1,3,1,2,1
Cell_0754,0,0,0,2,0,0,1,1,0,0,1,0,1,0,0,0,8,7,1,6,4,0,1,0,0,0,5,2,4,3,2
Cell_0755,1,0,0,1,0,0,1,0,0,0,0,3,0,0,1,0,5,2,6,4,4,0,1,0,0,0,1,5,0,1,0
Cell_0756,1,0,0,2,1,0,0,0,1,0,1,0,0,0,0,0,9,3,3,4,4,1,0,0,0,1,1,2,2,3,3
Cell_0757,2,0,0,0,0,0,4,1,0,0,1,2,0,0,0,0,9,7,8,12,10,0,2,0,2,1,6,5,3,1,4
Cell_0758,0,0,0,1,0,0,0,0,0,0,0,0,0,0,0,0,6,5,0,4,1,0,0,1,1,0,2,0,2,2,0
Cell_0759,1,0,1,0,0,0,3,1,0,0,0,2,0,0,0,0,11,8,8,7,8,0,2,1,0,0,6,5,4,2,2
Cell_0760,0,0,3,0,0,1,0,0,0,3,0,0,0,0,0,0,7,5,3,6,0,5,4,0,0,1,4,3,0,2,3
Cell_0761,2,1,1,1,0,0,3,0,0,0,0,0,0,1,1,0,4,4,9,8,0,8,8,1,0,0,3,5,4,3,2
Cell_0762,1,0,1,0,0,0,0,1,1,1,0,0,0,1,0,0,3,6,7,5,0,5,6,2,0,1,3,4,3,1,2
Cell_0763,0,0,1,0,0,0,0,0,0,3,1,0,0,0,0,0,9,5,7,10,0,8,8,3,0,3,2,5,4,4,2
Cell_0764,2,1,2,1,0,1,1,0,1,2,0,0,1,4,0,0,10,6,12,5,0,12,8,2,0,2,1,3,1,3,2
Cell_0765,1,0,2,0,0,0,0,0,0,0,0,0,2,1,1,0,5,4,5,3,0,5,6,2,0,0,2,0,0,1,3
Cell_0766,0,0,0,0,0,0,0,0,1,0,0,0,0,0,0,0,3,3,5,3,0,3,7,0,0,0,0,1,1,0,3
Cell_0767,0,1,1,1,0,0,0,0,0,1,0,0,0,1,0,0,5,6,6,4,0,4,4,2,0,1,2,1,1,2,1
Cell_0768,0,0,2,0,0,0,0,0,0,2,2,0,0,2,0,1,5,2,2,3,0,4,4,0,0,0,2,1,3,3,0
Cell_0769,1,0,1,0,0,1,2,0,0,2,0,0,0,0,0,0,6,8,5,5,0,5,4,1,0,1,1,3,0,1,1
Cell_0770,2,0,0,1,0,0,0,0,0,0,0,0,0,2,0,0,5,3,10,15,0,6,11,1,0,0,6,0,3,2,2
Cell_0771,0,0,1,0,0,0,0,0,0,3,0,0,1,0,0,0,5,1,7,12,0,9,5,1,0,1,4,0,6,0,4
Cell_0772,0,1,1,0,0,0,0,0,0,1,1,0,0,2,1,0,4,8,3,5,0,1,4,1,0,2,1,1,0,0,2
Cell_0773,0,0,0,0,0,0,1,0,0,1,0,1,0,0,0,0,2,0,6,5,0,2,0,1,0,1,5,0,0,0,1
Cell_0774,0,1,1,0,0,0,0,0,0,1,0,1,0,0,0,0,5,4,9,7,0,5,5,2,0,0,4,2,0,3,4
Cell_0775,0,2,0,1,0,1,0,0,0,5,1,0,0,1,0,0,5,4,2,7,1,5,9,1,1,0,4,3,0,1,1
Cell_0776,0,0,1,0,0,1,1,0,0,1,1,0,1,3,1,0,4,4,4,7,0,4,4,3,0,0,1,4,2,0,1
Cell_0777,2,0,1,3,0,0,0,0,0,0,0,0,0,0,0,0,9,7,6,7,0,7,12,1,0,2,1,4,6,3,4
Cell_0778,1,0,0,0,0,1,0,0,0,1,0,0,1,1,1,0,5,4,4,5,0,3,4,2,0,0,1,3,1,0,2
Cell_0779,0,0,0,1,0,0,0,0,0,1,0,0,0,1,2,0,4,4,5,4,0,6,4,1,0,0,2,2,1,3,3
Cell_0780,0,0,1,0,0,1,0,0,0,0,0,1,0,0,1,0,4,4,4,5,0,6,6,3,0,1,1,2,3,0,0
Cell_0781,0,1,1,0,0,0,0,0,1,2,0,0,0,1,0,0,10,6,10,6,0,10,2,2,0,3,3,2,3,1,4
Cell_0782,1,1,1,3,0,0,0,0,0,2,0,0,0,1,0,0,7,2,3,2,0,8,5,4,0,1,1,2,0,0,2
Cell_0783,0,1,2,1,0,1,0,0,0,1,0,0,0,3,0,0,5,4,10,4,0,2,4,3,0,1,2,2,2,0,1
Cell_0784,1,0,0,0,0,0,0,0,0,1,0,0,1,0,1,0,4,5,3,1,0,3,3,0,2,2,0,0,0,3,1
Cell_0785,0,1,1,0,0,0,0,0,0,1,1,1,0,2,1,0,5,9,3,8,0,9,8,2,0,0,1,3,2,2,4
Cell_0786,1,1,0,1,0,0,1,0,0,2,1,0,0,1,0,0,9,8,7,9,0,8,12,0,0,0,1,1,1,2,2
Cell_0787,1,1,1,1,0,2,1,0,0,3,0,0,0,0,1,0,5,5,7,4,0,5,10,0,0,2,2,1,2,1,0
Cell_0788,0,0,0,0,0,1,0,0,0,1,0,1,0,1,0,0,2,7,3,2,0,4,3,0,0,0,0,5,0,0,1
Cell_0789,0,0,1,0,0,0,0,0,0,2,0,0,0,1,2,0,3,6,6,1,0,7,9,1,0,0,5,2,1,2,0
Cell_0790,1,0,2,1,0,0,2,0,0,0,0,1,0,0,2,0,4,5,2,4,0,11,3,0,0,0,3,1,1,1,1
Cell_0791,0,0,1,1,1,0,1,0,0,3,0,0,1,3,0,0,8,12,10,10,0,9,5,1,0,1,1,2,2,2,1
Cell_0792,1,0,0,2,0,0,0,0,0,1,0,0,0,0,0,0,2,4,1,5,0,4,5,2,0,0,0,1,1,2,1
Cell_0793,2,0,2,0,0,0,0,0,0,2,0,0,0,0,0,1,4,5,6,4,0,3,5,0,0,1,2,1,2,1,1
Cell_0794,1,0,1,0,0,1,0,0,0,1,0,0,0,0,0,0,3,3,7,8,0,5,5,0,0,3,1,6,3,1,2
Cell_0795,0,0,1,0,0,1,0,0,0,1,0,0,1,0,0,1,1,4,5,9,0,5,3,1,0,0,1,2,0,1,1
Cell_0796,3,0,0,1,1,0,0,0,0,2,2,0,0,2,1,0,13,11,11,6,0,10,6,3,0,0,3,6,0,2,3
Cell_0797,0,1,0,1,0,0,1,0,0,1,0,0,0,0,0,0,7,5,3,5,0,8,6,0,0,0,2,6,1,3,2
Cell_0798,2,0,0,2,0,0,0,0,0,1,0,0,0,0,0,0,5,4,8,7,0,9,4,1,0,0,1,2,1,4,0
Cell_0799,0,0,0,0,0,0,0,0,0,0,0,0,0,1,0,0,7,7,4,6,0,7,6,0,0,0,0,1,1,4,2
Cell_0800,0,1,0,1,1,1,0,0,0,1,0,0,1,0,1,0,6,3,4,9,0,7,3,1,0,1,4,2,2,1,0
Cell_0801,2,0,2,0,0,0,1,0,0,1,0,0,1,1,0,0,6,5,5,11,0,10,5,1,0,2,4,2,2,4,0
Cell_0802,0,0,1,0,0,0,0,0,0,0,0,1,0,0,0,0,3,2,4,5,0,4,7,0,0,0,1,0,3,0,1
Cell_0803,0,0,1,0,0,0,0,0,0,0,0,0,1,1,1,0,1,3,8,7,0,0,3,0,0,0,0,1,1,1,0
Cell_0804,0,1,1,0,0,1,0,1,0,0,0,0,0,0,0,0,9,6,5,5,0,5,3,0,0,0,3,0,1,3,0
Cell_0805,0,0,0,0,0,2,1,0,0,0,0,0,0,1,1,0,3,2,2,2,0,2,6,0,0,2,4,2,0,0,1
Cell_0806,0,0,1,0,0,0,0,0,0,2,0,0,1,0,1,0,5,4,2,5,0,4,6,0,0,1,2,4,0,2,3
Cell_0807,0,0,0,0,0,0,0,0,0,1,0,0,0,2,0,0,7,3,6,5,0,3,9,0,0,0,1,1,1,0,5
Cell_0808,1,0,0,0,0,0,0,0,0,1,0,0,0,3,1,0,4,10,3,4,0,6,12,2,0,0,2,3,0,1,1
Cell_0809,0,0,2,0,0,1,0,0,0,0,0,0,0,0,1,0,6,4,5,8,1,4,4,1,0,0,2,1,0,0,1
Cell_0810,0,0,2,0,0,2,0,0,0,2,0,0,0,2,0,0,4,9,4,7,0,4,9,2,0,0,3,3,3,4,4
Cell_0811,0,1,0,0,0,0,0,0,0,1,0,0,1,0,1,0,3,3,2,7,0,6,2,1,1,0,2,3,3,0,0
Cell_0812,1,0,0,0,0,0,0,0,0,3,1,0,0,1,0,0,10,3,9,8,0,5,9,0,0,0,3,3,1,5,1
Cell_0813,1,0,1,1,0,0,0,0,0,2,0,0,0,2,0,0,3,2,9,6,0,7,3,2,0,1,0,4,2,2,2
Cell_0814,0,0,4,2,0,0,1,1,0,1,1,0,0,4,1,0,9,11,6,9,0,11,8,5,0,0,2,1,1,1,5
Cell_0815,1,0,1,0,0,0,0,0,0,1,0,1,1,0,0,0,7,7,10,17,0,5,13,3,0,0,1,1,4,1,2
Cell_0816,1,0,0,2,0,0,0,0,0,2,0,0,1,0,0,0,8,9,6,8,0,7,15,1,0,1,2,1,2,2,3
Cell_0817,0,1,2,1,0,1,0,0,0,4,0,0,0,3,0,1,4,7,7,13,0,7,10,0,0,2,5,2,3,3,4
Cell_0818,4,0,3,0,0,1,0,0,0,3,0,0,0,3,3,0,7,9,3,5,1,5,5,1,0,0,4,4,1,2,2
Cell_0819,0,0,1,0,0,1,0,0,1,0,1,0,0,2,1,0,6,4,6,2,0,3,2,3,0,0,1,0,2,2,2
Cell_0820,0,0,2,0,1,1,0,1,0,2,0,0,0,0,3,0,11,9,9,9,0,8,14,1,0,1,4,4,1,5,1
Cell_0821,0,0,1,0,0,1,0,0,0,2,0,0,0,0,0,0,7,4,10,3,0,5,8,3,0,2,2,1,2,0,4
Cell_0822,0,1,2,2,0,1,1,0,0,0,0,0,0,0,0,0,5,11,8,12,0,8,6,1,1,1,1,1,2,2,0
Cell_0823,1,0,1,0,0,0,0,0,0,2,0,0,1,2,0,0,7,6,9,6,0,8,10,1,0,1,2,1,2,2,1
Cell_0824,0,0,0,1,1,0,0,1,0,1,0,0,1,0,0,0,6,5,9,3,0,6,7,2,0,0,0,3,2,1,1
Cell_0825,0,0,1,2,0,0,1,0,0,0,1,0,0,1,0,0,7,6,1,4,0,5,6,2,0,0,1,0,2,2,3
Cell_0826,1,0,1,0,0,0,0,0,0,2,0,1,0,0,0,0,6,3,6,3,0,2,4,1,0,0,1,2,4,0,1
Cell_0827,0,0,0,1,0,1,0,0,0,3,0,1,1,0,0,0,4,3,6,2,0,4,2,0,0,0,2,1,2,1,0
Cell_0828,0,0,0,1,0,0,0,0,0,1,0,0,0,0,0,0,4,3,2,8,0,5,7,0,0,0,1,5,1,0,0
Cell_0829,0,0,3,0,0,0,0,0,0,0,0,0,0,2,0,0,4,1,2,5,0,4,1,0,0,0,0,1,0,2,1
Cell_0830,0,0,0,0,0,0,1,0,0,1,0,0,0,0,0,0,3,2,5,5,0,3,5,2,0,1,1,0,1,0,1
Cell_0831,1,0,1,1,0,0,0,0,0,1,0,0,1,4,0,0,4,15,7,5,0,6,7,1,0,1,4,2,3,1,0
Cell_0832,1,0,2,0,2,0,0,0,0,0,0,0,0,4,0,0,6,4,6,7,0,2,9,0,0,0,0,2,1,2,3
Cell_0833,0,0,0,1,0,0,0,0,1,0,0,0,0,0,0,0,3,6,1,7,0,4,8,2,0,1,1,1,1,1,1
Cell_0834,0,1,2,0,0,0,0,0,0,0,0,0,0,0,0,0,9,9,7,9,0,9,4,1,1,2,5,6,5,4,1
Cell_0835,0,1,2,0,0,0,2,1,0,1,0,0,0,1,1,1,1,9,5,4,0,2,6,0,0,0,3,2,0,5,1
Cell_0836,1,0,1,1,0,0,2,0,0,3,0,0,0,0,2,0,3,4,6,2,0,1,3,1,0,2,1,2,2,3,1
Cell_0837,3,0,0,0,0,1,0,0,0,2,0,0,0,0,0,0,1,5,11,7,0,5,4,2,0,0,0,4,6,2,1
Cell_0838,0,0,3,0,0,0,0,0,0,1,0,1,0,3,1,0,7,3,4,10,0,7,10,2,0,1,1,1,3,0,0
Cell_0839,3,0,2,1,0,1,0,0,1,0,0,0,0,1,0,0,8,8,6,9,0,13,4,1,0,0,3,3,2,2,1
Cell_0840,0,0,0,2,0,1,0,0,0,2,0,0,0,0,0,0,2,8,6,6,0,4,6,0,0,0,2,2,2,3,0
Cell_0841,0,1,1,0,0,0,0,0,0,1,0,0,0,1,0,0,2,6,5,6,0,3,4,1,1,3,1,0,1,1,1
Cell_0842,0,0,1,1,0,0,0,0,0,3,1,0,0,3,2,0,7,14,7,8,0,4,7,1,1,2,3,4,2,2,5
Cell_0843,1,1,1,0,0,0,0,0,0,0,0,0,0,1,0,0,5,7,9,5,0,6,5,2,0,0,2,3,3,1,4
Cell_0844,0,0,0,0,0,0,1,0,0,1,0,0,0,1,0,0,4,4,5,8,0,4,3,2,0,0,0,1,0,4,0
Cell_0845,0,1,1,1,0,1,0,0,0,2,0,0,0,1,0,0,3,2,9,8,0,5,6,2,0,0,7,2,0,3,2
Cell_0846,0,0,0,1,0,0,0,0,0,0,0,0,0,0,1,0,3,4,4,3,0,1,4,2,0,0,2,4,2,1,0
Cell_0847,0,1,0,0,0,0,0,0,0,0,0,0,0,1,0,0,4,6,4,2,0,4,2,1,0,0,0,1,0,1,1
Cell_0848,1,2,1,0,0,0,0,0,0,0,0,1,0,0,1,0,3,4,3,6,0,6,5,1,0,1,1,4,2,1,0
Cell_0849,0,0,2,0,0,1,0,0,0,1,0,0,1,0,0,0,5,2,5,6,0,2,5,1,0,0,1,4,2,1,0
Cell_0850,0,0,3,0,0,0,0,0,1,1,1,0,1,1,1,0,2,9,5,11,0,5,2,0,0,0,1,3,3,1,4
Cell_0851,0,0,0,1,0,0,1,0,0,2,0,0,2,1,0,0,3,4,8,7,0,6,5,3,0,2,1,2,0,0,0
Cell_0852,0,0,1,0,0,0,0,0,0,1,0,0,0,0,1,0,6,5,2,3,0,8,4,0,1,0,1,3,0,2,2
Cell_0853,0,1,2,0,0,0,0,0,0,3,0,0,0,0,2,0,8,9,7,3,0,11,8,0,0,1,0,8,4,7,0
Cell_0854,0,1,2,1,0,2,1,0,0,0,0,1,0,5,0,0,1,5,3,3,0,4,0,1,0,0,2,2,3,1,1
Cell_0855,1,1,1,2,0,0,0,0,1,0,0,0,0,0,1,0,10,9,10,8,0,8,6,1,0,1,4,1,1,1,1
Cell_0856,0,0,2,0,0,1,1,0,0,1,0,2,0,0,1,0,1,7,6,11,0,6,5,1,0,1,2,2,1,3,0
Cell_0857,0,0,0,0,0,1,0,0,0,2,0,0,0,1,0,0,9,4,9,2,0,4,4,0,0,2,2,1,1,0,4
Cell_0858,1,2,1,0,0,1,0,0,0,1,0,0,1,3,1,0,6,9,8,7,0,4,10,2,0,0,1,1,3,2,3
Cell_0859,0,0,3,0,0,0,1,0,0,1,0,0,0,0,0,0,4,6,8,5,0,4,7,0,0,0,2,1,1,4,0
Cell_0860,0,2,1,1,0,0,1,0,1,1,0,1,3,0,0,0,0,0,0,0,0,0,0,3,1,2,0,0,0,1,0
Cell_0861,0,3,4,4,1,1,1,0,1,1,5,4,1,5,7,3,1,0,2,0,0,0,0,0,0,0,3,3,1,2,2
Cell_0862,2,1,3,0,0,3,2,0,0,0,0,1,0,0,0,0,1,3,3,2,2,0,0,6,1,2,1,0,3,0,3
Cell_0863,0,0,0,0,0,0,0,0,0,2,1,1,1,1,1,0,1,3,0,3,1,0,1,0,0,0,3,2,1,0,0
Cell_0864,0,1,1,1,0,1,1,0,0,0,6,3,2,5,3,3,0,6,2,4,1,2,4,1,0,0,8,0,1,3,0
Cell_0865,0,5,0,3,6,0,0,1,0,0,2,5,0,0,2,8,0,0,0,0,2,0,1,0,0,0,2,1,1,2,2
Cell_0866,0,0,0,1,0,0,2,1,1,2,5,4,1,0,0,0,4,3,6,2,3,0,0,0,0,0,1,2,1,0,2
Cell_0867,4,3,4,0,0,4,4,0,0,2,4,4,1,0,0,1,0,0,0,0,1,0,2,1,1,3,2,2,0,2,1
Cell_0868,8,9,10,0,1,4,1,5,6,1,1,0,0,1,1,0,0,0,0,0,0,0,2,5,5,1,3,1,4,2,0
Cell_0869,5,0,3,4,6,1,0,2,0,2,1,0,0,0,0,0,0,0,0,0,0,0,0,0,0,1,1,1,2,1,4
Cell_0870,3,3,5,3,1,0,0,1,2,4,4,2,9,0,0,0,0,1,0,2,1,0,0,0,1,0,1,3,2,0,2
Cell_0871,0,0,0,0,0,0,1,0,1,3,10,6,5,5,3,4,1,0,0,0,0,0,0,1,0,0,4,1,1,3,3
Cell_0872,4,5,4,0,0,3,1,0,0,0,5,2,1,3,5,2,0,0,0,0,0,0,1,5,0,1,0,4,1,6,2
Cell_0873,3,4,5,0,1,5,1,0,4,0,1,0,0,0,0,0,0,0,0,0,0,0,0,1,0,1,1,0,1,0,1
Cell_0874,1,0,0,0,0,1,1,0,0,0,0,1,0,0,1,0,3,3,3,6,0,0,0,3,3,2,0,0,3,3,0
Cell_0875,1,7,9,2,1,7,2,0,0,0,1,0,0,0,1,1,2,4,4,0,0,1,1,2,5,1,1,1,1,1,2
Cell_0876,1,1,1,0,0,4,0,3,1,0,2,0,2,2,1,0,0,0,0,0,0,0,0,0,1,0,0,2,2,2,1
Cell_0877,1,3,4,0,2,0,0,1,0,0,4,5,0,5,2,2,0,0,1,0,0,1,1,2,0,0,3,0,3,2,3
Cell_0878,7,2,8,2,0,2,2,4,4,0,0,0,0,0,1,0,4,3,7,3,1,0,1,1,1,0,1,4,2,4,3
Cell_0879,0,0,0,0,0,0,1,1,0,0,8,5,3,7,6,14,11,11,7,8,4,1,0,1,1,0,5,6,5,1,2
Cell_0880,2,0,0,1,0,0,1,0,0,0,7,11,1,1,2,6,9,3,10,5,3,0,0,0,1,0,4,6,4,2,5
Cell_0881,6,9,3,2,0,2,2,3,4,1,0,1,0,0,0,1,5,4,4,3,5,0,1,0,1,0,2,4,3,2,1
Cell_0882,2,4,4,1,0,6,0,4,1,0,0,0,0,0,0,0,3,3,1,1,4,0,0,0,1,1,2,5,2,1,2
Cell_0883,0,2,6,0,0,2,0,0,0,1,1,0,0,0,1,0,2,0,0,1,0,0,2,2,1,2,1,0,3,0,1
Cell_0884,3,3,5,0,0,1,9,0,0,0,1,2,2,3,5,2,0,0,2,0,0,0,1,4,2,2,4,3,4,2,3
Cell_0885,5,6,1,1,0,4,1,5,4,0,1,0,0,0,1,0,9,2,3,4,2,0,2,0,1,0,4,2,3,3,5
Cell_0886,4,2,2,1,0,0,0,4,1,0,0,0,0,0,1,0,5,6,3,5,3,0,0,0,0,0,1,1,4,3,4
Cell_0887,2,2,0,1,0,5,0,9,0,1,0,1,0,1,0,0,2,1,5,3,3,0,0,0,1,0,3,0,4,3,1
Cell_0888,2,1,2,0,1,2,2,1,0,0,0,0,0,1,1,0,4,2,1,3,0,0,0,0,1,2,0,1,3,3,0
Cell_0889,5,5,3,5,6,0,0,0,0,3,3,2,3,0,0,0,0,0,0,0,1,0,0,0,1,0,2,2,1,1,2
Cell_0890,2,4,3,5,2,0,1,3,0,0,7,2,2,5,10,6,1,1,2,1,0,0,0,1,1,1,1,3,1,6,9
Cell_0891,6,3,5,0,1,7,0,5,2,0,3,2,1,5,3,4,1,1,1,0,0,2,0,0,1,0,0,5,3,1,4
Cell_0892,0,4,1,0,0,2,2,0,0,0,10,4,1,4,2,1,1,1,0,0,0,1,0,3,4,0,2,3,2,2,2
Cell_0893,3,3,4,3,4,0,0,2,0,1,2,0,0,4,2,2,1,0,0,0,1,0,0,0,0,0,1,3,3,0,2
Cell_0894,1,0,1,1,0,0,2,0,2,6,4,5,4,4,0,0,4,6,5,4,1,2,2,2,0,0,3,2,2,2,2
Cell_0895,0,0,0,0,0,0,0,0,0,1,0,1,0,1,1,0,3,2,5,6,0,2,3,0,0,2,2,3,4,4,2
Cell_0896,1,3,2,0,0,2,1,0,0,0,5,1,2,4,3,4,0,0,1,0,0,1,0,0,0,6,0,4,0,4,2
Cell_0897,0,0,0,0,0,0,0,0,0,0,0,2,0,2,4,2,1,0,3,3,0,2,0,0,0,0,2,1,0,1,2
Cell_0898,1,0,0,2,0,0,0,1,0,0,6,2,1,6,3,5,2,3,6,5,5,0,0,0,0,0,3,2,1,4,2
Cell_0899,1,4,3,0,0,4,1,1,2,0,1,0,0,0,0,1,0,0,0,0,0,0,0,1,3,0,1,0,1,2,1
Cell_0900,4,2,1,3,0,4,2,1,0,0,1,1,0,1,1,0,5,5,5,4,5,0,0,3,4,7,6,10,13,3,3
Cell_0901,1,5,4,1,3,1,3,0,0,0,0,0,0,1,1,1,0,0,1,0,0,0,0,0,0,1,1,2,2,0,0
Cell_0902,3,6,5,0,0,2,5,0,0,0,0,0,0,2,0,0,1,5,3,1,0,1,1,3,2,2,6,3,0,0,2
Cell_0903,0,0,0,0,0,0,0,0,1,0,2,2,1,3,1,1,1,2,3,7,0,0,2,0,0,0,1,2,0,1,2
Cell_0904,0,0,1,0,0,0,0,0,0,4,0,3,2,0,0,0,1,3,4,9,1,2,2,1,0,0,3,3,2,1,2
Cell_0905,1,4,1,3,1,0,0,1,0,1,0,0,0,0,0,0,0,2,3,3,4,0,1,1,1,0,0,0,2,0,0
Cell_0906,1,1,2,1,0,1,0,0,1,2,0,0,0,0,0,1,4,5,3,4,0,2,1,1,0,0,0,2,1,3,1
Cell_0907,3,0,2,0,0,2,3,1,1,2,2,8,0,3,4,2,0,0,0,0,1,0,0,4,0,3,3,3,1,2,3
Cell_0908,5,1,4,0,1,3,0,4,1,0,2,3,1,0,6,0,0,0,0,0,0,0,0,1,2,0,0,0,2,3,1
Cell_0909,0,0,0,0,0,0,1,0,0,1,7,6,3,1,3,4,0,0,0,1,1,1,0,0,0,0,0,4,3,2,3
Cell_0910,3,1,2,6,0,0,0,1,0,1,0,0,0,1,1,0,0,2,2,3,0,0,1,0,0,0,1,0,0,1,1
Cell_0911,1,0,2,1,2,1,2,0,0,0,0,0,0,0,0,0,2,3,3,0,5,0,0,0,3,2,2,1,1,3,2
Cell_0912,8,1,5,0,0,6,0,4,5,4,3,3,2,0,1,1,0,0,0,0,0,1,0,0,1,0,2,2,3,2,2
Cell_0913,3,3,9,5,3,1,1,3,5,1,0,1,2,1,1,0,0,1,0,0,1,0,1,1,0,0,2,3,3,3,2
Cell_0914,6,2,5,0,0,2,3,1,0,1,0,1,1,0,1,1,8,3,5,9,0,0,2,3,0,4,2,4,1,3,2
Cell_0915,4,0,2,3,6,0,2,3,0,0,1,1,0,0,1,0,2,3,4,2,4,0,1,0,1,0,2,3,3,1,0
Cell_0916,1,2,4,0,0,1,0,0,3,0,0,1,0,0,1,0,2,2,0,1,2,0,0,0,0,0,0,1,2,0,1
Cell_0917,1,5,4,3,4,0,0,2,0,5,2,4,7,0,2,0,2,0,0,0,0,0,0,0,0,1,1,1,0,2,5
Cell_0918,2,4,5,2,3,1,1,3,0,2,0,0,0,0,0,0,5,1,5,6,0,5,6,0,0,0,3,2,4,3,3
Cell_0919,4,6,3,1,1,3,0,2,2,1,0,0,0,0,0,0,0,4,3,4,0,3,4,1,0,0,0,1,2,2,2
